show_id,type,title,director,cast,country,date_added,release_year,rating,duration,listed_in,description
s1,TV Show,Netflix Title 1,Sara Wilson,"Actor A, Actor B",Mexico,"February 4, 2018",2018,PG,10 Seasons,Thrillers,Sample description for Netflix title 1.
s2,TV Show,Netflix Title 2,Jane Doe,"Actor F, Actor G",Mexico,"December 17, 2021",2021,TV-PG,1 Seasons,Crime TV Shows,Sample description for Netflix title 2.
s3,Movie,Netflix Title 3,Jane Doe,Actor E,South Korea,"August 22, 2014",2014,G,149 min,Crime TV Shows,Sample description for Netflix title 3.
s4,Movie,Netflix Title 4,David Kim,"Actor H, Actor I",Mexico,"April 28, 2015",2015,PG,130 min,Romantic Movies,Sample description for Netflix title 4.
s5,TV Show,Netflix Title 5,Jane Doe,"Actor F, Actor G",Canada,"May 5, 2012",2012,G,5 Seasons,Documentaries,Sample description for Netflix title 5.
s6,Movie,Netflix Title 6,David Kim,"Actor H, Actor I",India,"November 17, 2016",2016,PG-13,65 min,Sci-Fi,Sample description for Netflix title 6.
s7,Movie,Netflix Title 7,John Smith,"Actor F, Actor G",France,"May 25, 2019",2019,TV-PG,137 min,Documentaries,Sample description for Netflix title 7.
s8,TV Show,Netflix Title 8,David Kim,"Actor H, Actor I",Japan,"October 28, 2013",2013,R,3 Seasons,Drama,Sample description for Netflix title 8.
s9,TV Show,Netflix Title 9,Sara Wilson,Actor E,Mexico,"October 21, 2016",2016,PG,7 Seasons,Drama,Sample description for Netflix title 9.
s10,TV Show,Netflix Title 10,Jane Doe,"Actor F, Actor G",United Kingdom,"November 26, 2021",2021,R,3 Seasons,Romantic Movies,Sample description for Netflix title 10.
s11,Movie,Netflix Title 11,Jane Doe,"Actor C, Actor D",Canada,"May 14, 2008",2008,PG,114 min,Horror,Sample description for Netflix title 11.
s12,Movie,Netflix Title 12,John Smith,Actor E,United Kingdom,"September 3, 2014",2014,R,89 min,Action & Adventure,Sample description for Netflix title 12.
s13,TV Show,Netflix Title 13,Alex Lee,Actor E,United Kingdom,"September 10, 2022",2022,TV-PG,7 Seasons,Documentaries,Sample description for Netflix title 13.
s14,TV Show,Netflix Title 14,Emily Brown,"Actor H, Actor I",Australia,"June 3, 2023",2023,TV-PG,5 Seasons,Thrillers,Sample description for Netflix title 14.
s15,TV Show,Netflix Title 15,John Smith,"Actor C, Actor D",France,"December 21, 2014",2014,PG-13,3 Seasons,Action & Adventure,Sample description for Netflix title 15.
s16,Movie,Netflix Title 16,Raj Kumar,Actor E,South Korea,"September 10, 2012",2012,TV-14,166 min,Drama,Sample description for Netflix title 16.
s17,Movie,Netflix Title 17,Sara Wilson,"Actor C, Actor D",United States,"August 26, 2009",2009,R,157 min,Thrillers,Sample description for Netflix title 17.
s18,Movie,Netflix Title 18,Raj Kumar,"Actor F, Actor G",United States,"November 1, 2009",2009,R,142 min,Thrillers,Sample description for Netflix title 18.
s19,TV Show,Netflix Title 19,John Smith,"Actor F, Actor G",Japan,"November 24, 2011",2011,PG,1 Seasons,Thrillers,Sample description for Netflix title 19.
s20,TV Show,Netflix Title 20,Alex Lee,"Actor A, Actor B",Spain,"October 6, 2022",2022,PG-13,2 Seasons,Horror,Sample description for Netflix title 20.
s21,TV Show,Netflix Title 21,Sara Wilson,"Actor F, Actor G",France,"December 2, 2014",2014,PG,5 Seasons,Horror,Sample description for Netflix title 21.
s22,TV Show,Netflix Title 22,Raj Kumar,"Actor F, Actor G",Mexico,"June 1, 2016",2016,R,8 Seasons,Sci-Fi,Sample description for Netflix title 22.
s23,Movie,Netflix Title 23,David Kim,Actor E,France,"January 14, 2025",2025,PG,178 min,Kids' TV,Sample description for Netflix title 23.
s24,TV Show,Netflix Title 24,Alex Lee,"Actor H, Actor I",Canada,"April 21, 2018",2018,G,7 Seasons,Comedy,Sample description for Netflix title 24.
s25,TV Show,Netflix Title 25,Jane Doe,"Actor H, Actor I",United States,"May 17, 2014",2014,TV-14,3 Seasons,Thrillers,Sample description for Netflix title 25.
s26,Movie,Netflix Title 26,Emily Brown,"Actor C, Actor D",Japan,"August 8, 2024",2024,TV-PG,157 min,Comedy,Sample description for Netflix title 26.
s27,Movie,Netflix Title 27,Emily Brown,"Actor F, Actor G",Germany,"March 24, 2015",2015,R,121 min,Action & Adventure,Sample description for Netflix title 27.
s28,Movie,Netflix Title 28,Raj Kumar,Actor E,Spain,"May 4, 2014",2014,TV-14,158 min,Kids' TV,Sample description for Netflix title 28.
s29,TV Show,Netflix Title 29,David Kim,"Actor C, Actor D",Germany,"May 26, 2009",2009,PG,3 Seasons,Comedy,Sample description for Netflix title 29.
s30,TV Show,Netflix Title 30,David Kim,"Actor A, Actor B",Japan,"September 12, 2008",2008,G,6 Seasons,Kids' TV,Sample description for Netflix title 30.
s31,Movie,Netflix Title 31,David Kim,Actor E,Canada,"June 18, 2017",2017,TV-PG,85 min,Horror,Sample description for Netflix title 31.
s32,Movie,Netflix Title 32,John Smith,Actor E,Australia,"November 19, 2023",2023,R,104 min,Comedy,Sample description for Netflix title 32.
s33,Movie,Netflix Title 33,John Smith,Actor E,Japan,"October 12, 2020",2020,TV-PG,136 min,Drama,Sample description for Netflix title 33.
s34,TV Show,Netflix Title 34,Sara Wilson,"Actor C, Actor D",Australia,"December 8, 2021",2021,TV-14,1 Seasons,Documentaries,Sample description for Netflix title 34.
s35,Movie,Netflix Title 35,Jane Doe,"Actor A, Actor B",Germany,"October 28, 2022",2022,PG,137 min,Thrillers,Sample description for Netflix title 35.
s36,TV Show,Netflix Title 36,Emily Brown,"Actor F, Actor G",India,"September 28, 2011",2011,TV-14,2 Seasons,Crime TV Shows,Sample description for Netflix title 36.
s37,Movie,Netflix Title 37,John Smith,"Actor H, Actor I",Brazil,"November 8, 2020",2020,G,128 min,Action & Adventure,Sample description for Netflix title 37.
s38,TV Show,Netflix Title 38,Alex Lee,"Actor H, Actor I",United States,"March 15, 2015",2015,TV-PG,8 Seasons,Romantic Movies,Sample description for Netflix title 38.
s39,Movie,Netflix Title 39,Emily Brown,"Actor H, Actor I",United Kingdom,"February 16, 2010",2010,PG-13,114 min,Sci-Fi,Sample description for Netflix title 39.
s40,Movie,Netflix Title 40,Sara Wilson,"Actor F, Actor G",Mexico,"September 14, 2016",2016,PG-13,132 min,Horror,Sample description for Netflix title 40.
s41,Movie,Netflix Title 41,Jane Doe,"Actor C, Actor D",United Kingdom,"April 28, 2009",2009,TV-PG,124 min,Comedy,Sample description for Netflix title 41.
s42,Movie,Netflix Title 42,Jane Doe,"Actor A, Actor B",United Kingdom,"April 10, 2023",2023,TV-14,138 min,Action & Adventure,Sample description for Netflix title 42.
s43,Movie,Netflix Title 43,Sara Wilson,"Actor F, Actor G",Australia,"June 16, 2009",2009,PG,90 min,Horror,Sample description for Netflix title 43.
s44,Movie,Netflix Title 44,David Kim,"Actor H, Actor I",Germany,"August 9, 2020",2020,PG,141 min,Sci-Fi,Sample description for Netflix title 44.
s45,TV Show,Netflix Title 45,John Smith,"Actor H, Actor I",Brazil,"July 13, 2018",2018,R,9 Seasons,Romantic Movies,Sample description for Netflix title 45.
s46,TV Show,Netflix Title 46,John Smith,"Actor F, Actor G",Australia,"January 22, 2014",2014,TV-MA,5 Seasons,Action & Adventure,Sample description for Netflix title 46.
s47,Movie,Netflix Title 47,Emily Brown,"Actor A, Actor B",Japan,"August 18, 2024",2024,TV-PG,89 min,Documentaries,Sample description for Netflix title 47.
s48,TV Show,Netflix Title 48,Alex Lee,Actor E,United States,"February 20, 2025",2025,G,9 Seasons,Kids' TV,Sample description for Netflix title 48.
s49,TV Show,Netflix Title 49,Alex Lee,Actor E,United Kingdom,"November 10, 2010",2010,TV-PG,5 Seasons,Romantic Movies,Sample description for Netflix title 49.
s50,Movie,Netflix Title 50,Raj Kumar,"Actor F, Actor G",United States,"March 12, 2016",2016,PG-13,122 min,Sci-Fi,Sample description for Netflix title 50.
s51,Movie,Netflix Title 51,Jane Doe,Actor E,Canada,"March 19, 2023",2023,PG-13,107 min,Sci-Fi,Sample description for Netflix title 51.
s52,TV Show,Netflix Title 52,Raj Kumar,"Actor H, Actor I",Japan,"September 16, 2008",2008,TV-14,10 Seasons,Comedy,Sample description for Netflix title 52.
s53,Movie,Netflix Title 53,Sara Wilson,"Actor H, Actor I",Canada,"June 23, 2025",2025,R,168 min,Drama,Sample description for Netflix title 53.
s54,TV Show,Netflix Title 54,Alex Lee,"Actor F, Actor G",Japan,"May 22, 2008",2008,PG-13,2 Seasons,Action & Adventure,Sample description for Netflix title 54.
s55,TV Show,Netflix Title 55,Sara Wilson,Actor E,France,"December 14, 2019",2019,PG-13,10 Seasons,Kids' TV,Sample description for Netflix title 55.
s56,Movie,Netflix Title 56,Jane Doe,"Actor A, Actor B",Spain,"January 28, 2019",2019,G,101 min,Kids' TV,Sample description for Netflix title 56.
s57,Movie,Netflix Title 57,Sara Wilson,Actor E,United States,"March 9, 2009",2009,TV-PG,65 min,Thrillers,Sample description for Netflix title 57.
s58,TV Show,Netflix Title 58,Raj Kumar,"Actor A, Actor B",India,"February 19, 2008",2008,R,7 Seasons,Horror,Sample description for Netflix title 58.
s59,TV Show,Netflix Title 59,John Smith,"Actor H, Actor I",Spain,"February 15, 2013",2013,PG-13,3 Seasons,Action & Adventure,Sample description for Netflix title 59.
s60,TV Show,Netflix Title 60,Emily Brown,"Actor C, Actor D",Japan,"May 4, 2015",2015,PG-13,2 Seasons,Drama,Sample description for Netflix title 60.
s61,Movie,Netflix Title 61,David Kim,"Actor A, Actor B",France,"January 8, 2008",2008,TV-MA,137 min,Action & Adventure,Sample description for Netflix title 61.
s62,Movie,Netflix Title 62,Sara Wilson,"Actor A, Actor B",South Korea,"March 21, 2021",2021,TV-MA,105 min,Action & Adventure,Sample description for Netflix title 62.
s63,Movie,Netflix Title 63,Sara Wilson,Actor E,United States,"May 10, 2020",2020,PG,101 min,Crime TV Shows,Sample description for Netflix title 63.
s64,TV Show,Netflix Title 64,Sara Wilson,"Actor C, Actor D",Brazil,"August 11, 2024",2024,PG,5 Seasons,Action & Adventure,Sample description for Netflix title 64.
s65,TV Show,Netflix Title 65,John Smith,"Actor C, Actor D",Germany,"February 13, 2009",2009,PG,4 Seasons,Drama,Sample description for Netflix title 65.
s66,TV Show,Netflix Title 66,Raj Kumar,"Actor C, Actor D",Spain,"March 23, 2025",2025,G,10 Seasons,Documentaries,Sample description for Netflix title 66.
s67,TV Show,Netflix Title 67,Alex Lee,"Actor C, Actor D",Australia,"February 19, 2018",2018,TV-PG,8 Seasons,Kids' TV,Sample description for Netflix title 67.
s68,TV Show,Netflix Title 68,Alex Lee,"Actor H, Actor I",United States,"February 1, 2011",2011,PG-13,10 Seasons,Crime TV Shows,Sample description for Netflix title 68.
s69,Movie,Netflix Title 69,Alex Lee,"Actor H, Actor I",Germany,"February 15, 2021",2021,TV-PG,113 min,Sci-Fi,Sample description for Netflix title 69.
s70,TV Show,Netflix Title 70,David Kim,"Actor H, Actor I",South Korea,"July 7, 2013",2013,PG-13,2 Seasons,Comedy,Sample description for Netflix title 70.
s71,Movie,Netflix Title 71,Alex Lee,Actor E,Brazil,"March 25, 2016",2016,PG-13,125 min,Action & Adventure,Sample description for Netflix title 71.
s72,TV Show,Netflix Title 72,Jane Doe,"Actor F, Actor G",France,"May 18, 2021",2021,TV-14,2 Seasons,Comedy,Sample description for Netflix title 72.
s73,TV Show,Netflix Title 73,Emily Brown,Actor E,Brazil,"November 10, 2022",2022,R,1 Seasons,Romantic Movies,Sample description for Netflix title 73.
s74,Movie,Netflix Title 74,John Smith,"Actor A, Actor B",India,"December 10, 2018",2018,PG-13,89 min,Romantic Movies,Sample description for Netflix title 74.
s75,TV Show,Netflix Title 75,John Smith,"Actor F, Actor G",Brazil,"September 6, 2025",2025,G,2 Seasons,Documentaries,Sample description for Netflix title 75.
s76,TV Show,Netflix Title 76,Sara Wilson,"Actor F, Actor G",France,"March 11, 2012",2012,PG,7 Seasons,Crime TV Shows,Sample description for Netflix title 76.
s77,TV Show,Netflix Title 77,Alex Lee,"Actor A, Actor B",Canada,"June 7, 2021",2021,PG-13,3 Seasons,Romantic Movies,Sample description for Netflix title 77.
s78,Movie,Netflix Title 78,Emily Brown,"Actor H, Actor I",Japan,"March 15, 2019",2019,G,106 min,Kids' TV,Sample description for Netflix title 78.
s79,Movie,Netflix Title 79,Alex Lee,"Actor H, Actor I",India,"April 22, 2012",2012,G,114 min,Romantic Movies,Sample description for Netflix title 79.
s80,Movie,Netflix Title 80,David Kim,"Actor F, Actor G",Japan,"January 27, 2023",2023,G,110 min,Drama,Sample description for Netflix title 80.
s81,TV Show,Netflix Title 81,David Kim,"Actor F, Actor G",United States,"October 1, 2021",2021,PG,3 Seasons,Kids' TV,Sample description for Netflix title 81.
s82,TV Show,Netflix Title 82,Jane Doe,"Actor F, Actor G",United States,"June 19, 2014",2014,G,10 Seasons,Action & Adventure,Sample description for Netflix title 82.
s83,TV Show,Netflix Title 83,John Smith,"Actor F, Actor G",Mexico,"March 17, 2010",2010,G,7 Seasons,Romantic Movies,Sample description for Netflix title 83.
s84,TV Show,Netflix Title 84,David Kim,"Actor H, Actor I",Japan,"March 13, 2017",2017,PG,1 Seasons,Documentaries,Sample description for Netflix title 84.
s85,Movie,Netflix Title 85,Emily Brown,Actor E,Canada,"March 22, 2012",2012,G,152 min,Drama,Sample description for Netflix title 85.
s86,Movie,Netflix Title 86,John Smith,"Actor C, Actor D",Germany,"March 18, 2010",2010,PG-13,108 min,Comedy,Sample description for Netflix title 86.
s87,Movie,Netflix Title 87,John Smith,"Actor C, Actor D",Australia,"June 22, 2018",2018,PG-13,77 min,Sci-Fi,Sample description for Netflix title 87.
s88,TV Show,Netflix Title 88,Emily Brown,"Actor C, Actor D",United Kingdom,"September 24, 2013",2013,TV-14,4 Seasons,Documentaries,Sample description for Netflix title 88.
s89,Movie,Netflix Title 89,Raj Kumar,"Actor A, Actor B",Mexico,"March 18, 2024",2024,G,91 min,Comedy,Sample description for Netflix title 89.
s90,Movie,Netflix Title 90,Sara Wilson,"Actor F, Actor G",Canada,"June 22, 2014",2014,TV-MA,99 min,Documentaries,Sample description for Netflix title 90.
s91,Movie,Netflix Title 91,John Smith,"Actor H, Actor I",Spain,"May 21, 2012",2012,G,96 min,Drama,Sample description for Netflix title 91.
s92,TV Show,Netflix Title 92,David Kim,"Actor C, Actor D",Germany,"August 1, 2018",2018,G,6 Seasons,Documentaries,Sample description for Netflix title 92.
s93,Movie,Netflix Title 93,Alex Lee,Actor E,Brazil,"November 25, 2017",2017,PG,60 min,Comedy,Sample description for Netflix title 93.
s94,Movie,Netflix Title 94,Emily Brown,"Actor H, Actor I",United States,"February 28, 2020",2020,G,131 min,Crime TV Shows,Sample description for Netflix title 94.
s95,Movie,Netflix Title 95,John Smith,"Actor C, Actor D",United States,"June 24, 2010",2010,TV-14,110 min,Drama,Sample description for Netflix title 95.
s96,Movie,Netflix Title 96,Alex Lee,"Actor H, Actor I",Mexico,"August 18, 2017",2017,TV-MA,134 min,Documentaries,Sample description for Netflix title 96.
s97,Movie,Netflix Title 97,David Kim,"Actor F, Actor G",Germany,"October 3, 2020",2020,TV-14,85 min,Sci-Fi,Sample description for Netflix title 97.
s98,Movie,Netflix Title 98,Emily Brown,"Actor F, Actor G",United States,"August 3, 2020",2020,TV-MA,72 min,Romantic Movies,Sample description for Netflix title 98.
s99,Movie,Netflix Title 99,David Kim,"Actor H, Actor I",Australia,"January 3, 2019",2019,TV-PG,66 min,Romantic Movies,Sample description for Netflix title 99.
s100,Movie,Netflix Title 100,Alex Lee,"Actor C, Actor D",Spain,"June 24, 2012",2012,PG,81 min,Documentaries,Sample description for Netflix title 100.
s101,TV Show,Netflix Title 101,John Smith,"Actor F, Actor G",France,"October 9, 2017",2017,R,3 Seasons,Comedy,Sample description for Netflix title 101.
s102,Movie,Netflix Title 102,Sara Wilson,"Actor H, Actor I",Canada,"February 11, 2021",2021,G,163 min,Sci-Fi,Sample description for Netflix title 102.
s103,Movie,Netflix Title 103,David Kim,"Actor F, Actor G",France,"August 13, 2008",2008,TV-MA,133 min,Documentaries,Sample description for Netflix title 103.
s104,TV Show,Netflix Title 104,Alex Lee,Actor E,Australia,"August 11, 2011",2011,TV-14,4 Seasons,Romantic Movies,Sample description for Netflix title 104.
s105,Movie,Netflix Title 105,David Kim,Actor E,India,"August 10, 2015",2015,TV-MA,122 min,Documentaries,Sample description for Netflix title 105.
s106,TV Show,Netflix Title 106,John Smith,"Actor H, Actor I",Spain,"August 13, 2025",2025,TV-14,3 Seasons,Romantic Movies,Sample description for Netflix title 106.
s107,Movie,Netflix Title 107,John Smith,"Actor C, Actor D",France,"August 21, 2012",2012,TV-14,134 min,Romantic Movies,Sample description for Netflix title 107.
s108,Movie,Netflix Title 108,John Smith,"Actor A, Actor B",Japan,"December 25, 2012",2012,TV-MA,110 min,Documentaries,Sample description for Netflix title 108.
s109,TV Show,Netflix Title 109,Raj Kumar,"Actor H, Actor I",Brazil,"January 5, 2023",2023,R,3 Seasons,Drama,Sample description for Netflix title 109.
s110,TV Show,Netflix Title 110,Alex Lee,Actor E,Canada,"December 1, 2022",2022,TV-PG,7 Seasons,Drama,Sample description for Netflix title 110.
s111,TV Show,Netflix Title 111,Jane Doe,Actor E,France,"February 22, 2019",2019,PG-13,5 Seasons,Comedy,Sample description for Netflix title 111.
s112,Movie,Netflix Title 112,David Kim,"Actor F, Actor G",Canada,"September 28, 2015",2015,TV-MA,154 min,Documentaries,Sample description for Netflix title 112.
s113,Movie,Netflix Title 113,David Kim,Actor E,South Korea,"October 4, 2011",2011,TV-PG,147 min,Action & Adventure,Sample description for Netflix title 113.
s114,TV Show,Netflix Title 114,Jane Doe,"Actor H, Actor I",South Korea,"October 21, 2011",2011,TV-PG,1 Seasons,Documentaries,Sample description for Netflix title 114.
s115,Movie,Netflix Title 115,David Kim,"Actor A, Actor B",India,"October 22, 2009",2009,PG,83 min,Crime TV Shows,Sample description for Netflix title 115.
s116,Movie,Netflix Title 116,John Smith,"Actor C, Actor D",Canada,"March 5, 2020",2020,PG,118 min,Drama,Sample description for Netflix title 116.
s117,Movie,Netflix Title 117,Raj Kumar,"Actor C, Actor D",Canada,"October 28, 2022",2022,G,165 min,Comedy,Sample description for Netflix title 117.
s118,TV Show,Netflix Title 118,Emily Brown,"Actor C, Actor D",United States,"May 24, 2011",2011,R,9 Seasons,Action & Adventure,Sample description for Netflix title 118.
s119,Movie,Netflix Title 119,Jane Doe,"Actor A, Actor B",Spain,"March 27, 2009",2009,PG-13,137 min,Thrillers,Sample description for Netflix title 119.
s120,TV Show,Netflix Title 120,Raj Kumar,"Actor C, Actor D",Mexico,"March 18, 2010",2010,PG,7 Seasons,Sci-Fi,Sample description for Netflix title 120.
s121,Movie,Netflix Title 121,Alex Lee,"Actor F, Actor G",South Korea,"July 6, 2018",2018,TV-MA,78 min,Sci-Fi,Sample description for Netflix title 121.
s122,Movie,Netflix Title 122,Alex Lee,"Actor A, Actor B",Brazil,"November 6, 2021",2021,R,113 min,Kids' TV,Sample description for Netflix title 122.
s123,TV Show,Netflix Title 123,Raj Kumar,Actor E,Brazil,"May 6, 2016",2016,R,10 Seasons,Comedy,Sample description for Netflix title 123.
s124,TV Show,Netflix Title 124,David Kim,Actor E,United States,"August 3, 2023",2023,G,10 Seasons,Drama,Sample description for Netflix title 124.
s125,TV Show,Netflix Title 125,Raj Kumar,"Actor H, Actor I",Mexico,"February 21, 2015",2015,TV-PG,9 Seasons,Crime TV Shows,Sample description for Netflix title 125.
s126,Movie,Netflix Title 126,Alex Lee,Actor E,United Kingdom,"April 12, 2008",2008,TV-14,68 min,Comedy,Sample description for Netflix title 126.
s127,TV Show,Netflix Title 127,Alex Lee,"Actor A, Actor B",United Kingdom,"September 21, 2023",2023,R,6 Seasons,Thrillers,Sample description for Netflix title 127.
s128,TV Show,Netflix Title 128,John Smith,Actor E,United States,"June 15, 2019",2019,TV-14,5 Seasons,Kids' TV,Sample description for Netflix title 128.
s129,TV Show,Netflix Title 129,Raj Kumar,"Actor C, Actor D",Mexico,"November 1, 2009",2009,PG-13,3 Seasons,Comedy,Sample description for Netflix title 129.
s130,Movie,Netflix Title 130,Jane Doe,Actor E,Germany,"February 25, 2016",2016,G,130 min,Sci-Fi,Sample description for Netflix title 130.
s131,Movie,Netflix Title 131,John Smith,"Actor H, Actor I",Canada,"April 13, 2017",2017,TV-MA,155 min,Drama,Sample description for Netflix title 131.
s132,TV Show,Netflix Title 132,David Kim,"Actor H, Actor I",South Korea,"June 22, 2021",2021,TV-14,2 Seasons,Documentaries,Sample description for Netflix title 132.
s133,TV Show,Netflix Title 133,David Kim,"Actor H, Actor I",Spain,"August 2, 2012",2012,PG,7 Seasons,Thrillers,Sample description for Netflix title 133.
s134,Movie,Netflix Title 134,David Kim,"Actor H, Actor I",Spain,"February 14, 2017",2017,PG-13,158 min,Documentaries,Sample description for Netflix title 134.
s135,Movie,Netflix Title 135,Emily Brown,"Actor C, Actor D",South Korea,"November 25, 2023",2023,G,103 min,Sci-Fi,Sample description for Netflix title 135.
s136,Movie,Netflix Title 136,Sara Wilson,Actor E,South Korea,"August 16, 2024",2024,R,149 min,Romantic Movies,Sample description for Netflix title 136.
s137,Movie,Netflix Title 137,Alex Lee,"Actor C, Actor D",Mexico,"November 16, 2009",2009,TV-14,145 min,Comedy,Sample description for Netflix title 137.
s138,Movie,Netflix Title 138,Jane Doe,"Actor C, Actor D",Germany,"May 17, 2009",2009,TV-PG,73 min,Crime TV Shows,Sample description for Netflix title 138.
s139,TV Show,Netflix Title 139,Raj Kumar,"Actor C, Actor D",Brazil,"September 27, 2020",2020,TV-MA,6 Seasons,Crime TV Shows,Sample description for Netflix title 139.
s140,TV Show,Netflix Title 140,David Kim,"Actor C, Actor D",Australia,"April 8, 2009",2009,PG-13,3 Seasons,Thrillers,Sample description for Netflix title 140.
s141,TV Show,Netflix Title 141,David Kim,"Actor A, Actor B",Australia,"March 9, 2015",2015,R,1 Seasons,Kids' TV,Sample description for Netflix title 141.
s142,Movie,Netflix Title 142,Jane Doe,"Actor H, Actor I",India,"August 25, 2010",2010,PG-13,125 min,Drama,Sample description for Netflix title 142.
s143,Movie,Netflix Title 143,David Kim,"Actor H, Actor I",France,"March 5, 2008",2008,R,150 min,Comedy,Sample description for Netflix title 143.
s144,Movie,Netflix Title 144,Sara Wilson,Actor E,Spain,"January 25, 2012",2012,R,130 min,Sci-Fi,Sample description for Netflix title 144.
s145,Movie,Netflix Title 145,Emily Brown,"Actor H, Actor I",United States,"April 4, 2015",2015,G,81 min,Sci-Fi,Sample description for Netflix title 145.
s146,TV Show,Netflix Title 146,Alex Lee,Actor E,South Korea,"July 9, 2009",2009,TV-14,6 Seasons,Thrillers,Sample description for Netflix title 146.
s147,TV Show,Netflix Title 147,John Smith,"Actor H, Actor I",Mexico,"October 20, 2024",2024,TV-PG,1 Seasons,Action & Adventure,Sample description for Netflix title 147.
s148,TV Show,Netflix Title 148,John Smith,"Actor A, Actor B",Australia,"October 14, 2016",2016,PG,7 Seasons,Documentaries,Sample description for Netflix title 148.
s149,TV Show,Netflix Title 149,Alex Lee,"Actor F, Actor G",South Korea,"September 6, 2019",2019,PG,8 Seasons,Thrillers,Sample description for Netflix title 149.
s150,Movie,Netflix Title 150,David Kim,"Actor A, Actor B",South Korea,"February 17, 2012",2012,PG,68 min,Documentaries,Sample description for Netflix title 150.
s151,TV Show,Netflix Title 151,David Kim,Actor E,South Korea,"September 25, 2022",2022,G,6 Seasons,Thrillers,Sample description for Netflix title 151.
s152,Movie,Netflix Title 152,Raj Kumar,Actor E,United Kingdom,"June 5, 2008",2008,PG,159 min,Drama,Sample description for Netflix title 152.
s153,TV Show,Netflix Title 153,Sara Wilson,"Actor A, Actor B",Spain,"April 9, 2010",2010,TV-MA,9 Seasons,Thrillers,Sample description for Netflix title 153.
s154,Movie,Netflix Title 154,Raj Kumar,"Actor H, Actor I",France,"October 28, 2012",2012,TV-PG,64 min,Sci-Fi,Sample description for Netflix title 154.
s155,TV Show,Netflix Title 155,David Kim,"Actor C, Actor D",Germany,"February 8, 2012",2012,G,2 Seasons,Thrillers,Sample description for Netflix title 155.
s156,TV Show,Netflix Title 156,Alex Lee,Actor E,Spain,"June 2, 2009",2009,TV-MA,4 Seasons,Comedy,Sample description for Netflix title 156.
s157,TV Show,Netflix Title 157,Jane Doe,"Actor A, Actor B",Mexico,"November 9, 2024",2024,TV-PG,3 Seasons,Sci-Fi,Sample description for Netflix title 157.
s158,TV Show,Netflix Title 158,Jane Doe,"Actor C, Actor D",South Korea,"April 16, 2025",2025,PG-13,8 Seasons,Sci-Fi,Sample description for Netflix title 158.
s159,Movie,Netflix Title 159,Jane Doe,"Actor C, Actor D",Japan,"June 17, 2013",2013,TV-PG,155 min,Kids' TV,Sample description for Netflix title 159.
s160,TV Show,Netflix Title 160,Jane Doe,"Actor A, Actor B",United States,"August 2, 2012",2012,R,2 Seasons,Horror,Sample description for Netflix title 160.
s161,Movie,Netflix Title 161,David Kim,"Actor H, Actor I",Canada,"January 13, 2023",2023,TV-PG,120 min,Sci-Fi,Sample description for Netflix title 161.
s162,Movie,Netflix Title 162,Jane Doe,"Actor F, Actor G",Mexico,"October 15, 2025",2025,PG-13,137 min,Romantic Movies,Sample description for Netflix title 162.
s163,Movie,Netflix Title 163,John Smith,"Actor A, Actor B",France,"April 4, 2016",2016,TV-PG,64 min,Drama,Sample description for Netflix title 163.
s164,TV Show,Netflix Title 164,Jane Doe,"Actor H, Actor I",Japan,"June 3, 2025",2025,PG,1 Seasons,Crime TV Shows,Sample description for Netflix title 164.
s165,Movie,Netflix Title 165,David Kim,"Actor A, Actor B",Australia,"March 16, 2016",2016,TV-MA,86 min,Action & Adventure,Sample description for Netflix title 165.
s166,Movie,Netflix Title 166,Jane Doe,Actor E,India,"December 11, 2011",2011,TV-MA,91 min,Documentaries,Sample description for Netflix title 166.
s167,Movie,Netflix Title 167,John Smith,"Actor F, Actor G",Spain,"April 17, 2021",2021,PG-13,82 min,Action & Adventure,Sample description for Netflix title 167.
s168,TV Show,Netflix Title 168,John Smith,"Actor H, Actor I",Germany,"November 10, 2022",2022,PG,6 Seasons,Comedy,Sample description for Netflix title 168.
s169,TV Show,Netflix Title 169,Alex Lee,"Actor A, Actor B",Australia,"February 11, 2021",2021,TV-14,1 Seasons,Kids' TV,Sample description for Netflix title 169.
s170,TV Show,Netflix Title 170,Emily Brown,"Actor H, Actor I",United States,"January 24, 2018",2018,PG-13,8 Seasons,Comedy,Sample description for Netflix title 170.
s171,Movie,Netflix Title 171,Sara Wilson,"Actor C, Actor D",Mexico,"December 10, 2011",2011,PG,82 min,Crime TV Shows,Sample description for Netflix title 171.
s172,TV Show,Netflix Title 172,Jane Doe,"Actor F, Actor G",Germany,"June 18, 2018",2018,PG-13,2 Seasons,Action & Adventure,Sample description for Netflix title 172.
s173,Movie,Netflix Title 173,Alex Lee,"Actor F, Actor G",United Kingdom,"April 16, 2012",2012,TV-MA,77 min,Drama,Sample description for Netflix title 173.
s174,Movie,Netflix Title 174,Alex Lee,"Actor C, Actor D",United Kingdom,"July 9, 2010",2010,TV-MA,64 min,Horror,Sample description for Netflix title 174.
s175,TV Show,Netflix Title 175,Alex Lee,"Actor C, Actor D",Germany,"October 14, 2018",2018,G,5 Seasons,Crime TV Shows,Sample description for Netflix title 175.
s176,TV Show,Netflix Title 176,Jane Doe,"Actor F, Actor G",Brazil,"September 18, 2024",2024,PG-13,2 Seasons,Sci-Fi,Sample description for Netflix title 176.
s177,TV Show,Netflix Title 177,David Kim,Actor E,India,"May 15, 2022",2022,R,6 Seasons,Romantic Movies,Sample description for Netflix title 177.
s178,Movie,Netflix Title 178,David Kim,Actor E,France,"May 9, 2011",2011,TV-14,153 min,Comedy,Sample description for Netflix title 178.
s179,Movie,Netflix Title 179,Emily Brown,"Actor F, Actor G",Japan,"December 9, 2015",2015,R,139 min,Action & Adventure,Sample description for Netflix title 179.
s180,TV Show,Netflix Title 180,Sara Wilson,"Actor H, Actor I",Mexico,"January 18, 2009",2009,PG,8 Seasons,Documentaries,Sample description for Netflix title 180.
s181,Movie,Netflix Title 181,John Smith,"Actor C, Actor D",Mexico,"July 23, 2020",2020,G,126 min,Thrillers,Sample description for Netflix title 181.
s182,Movie,Netflix Title 182,Emily Brown,"Actor H, Actor I",Australia,"November 6, 2023",2023,PG-13,93 min,Sci-Fi,Sample description for Netflix title 182.
s183,TV Show,Netflix Title 183,Raj Kumar,"Actor C, Actor D",Mexico,"April 5, 2012",2012,R,3 Seasons,Sci-Fi,Sample description for Netflix title 183.
s184,TV Show,Netflix Title 184,Emily Brown,"Actor A, Actor B",United States,"February 16, 2013",2013,G,8 Seasons,Sci-Fi,Sample description for Netflix title 184.
s185,Movie,Netflix Title 185,Raj Kumar,"Actor A, Actor B",Japan,"September 26, 2008",2008,TV-PG,84 min,Horror,Sample description for Netflix title 185.
s186,Movie,Netflix Title 186,Emily Brown,"Actor F, Actor G",United Kingdom,"July 8, 2013",2013,R,168 min,Documentaries,Sample description for Netflix title 186.
s187,Movie,Netflix Title 187,John Smith,Actor E,Australia,"January 10, 2009",2009,R,180 min,Sci-Fi,Sample description for Netflix title 187.
s188,TV Show,Netflix Title 188,Jane Doe,"Actor F, Actor G",Brazil,"March 13, 2010",2010,G,6 Seasons,Sci-Fi,Sample description for Netflix title 188.
s189,TV Show,Netflix Title 189,Sara Wilson,"Actor A, Actor B",United Kingdom,"November 2, 2009",2009,TV-MA,2 Seasons,Drama,Sample description for Netflix title 189.
s190,TV Show,Netflix Title 190,David Kim,"Actor H, Actor I",Mexico,"January 25, 2015",2015,PG,2 Seasons,Drama,Sample description for Netflix title 190.
s191,Movie,Netflix Title 191,Emily Brown,Actor E,India,"January 18, 2020",2020,TV-14,81 min,Action & Adventure,Sample description for Netflix title 191.
s192,TV Show,Netflix Title 192,Jane Doe,Actor E,Brazil,"April 2, 2017",2017,TV-14,1 Seasons,Horror,Sample description for Netflix title 192.
s193,Movie,Netflix Title 193,Emily Brown,"Actor F, Actor G",India,"September 9, 2010",2010,PG-13,164 min,Crime TV Shows,Sample description for Netflix title 193.
s194,Movie,Netflix Title 194,Alex Lee,"Actor H, Actor I",Japan,"May 27, 2013",2013,PG-13,74 min,Thrillers,Sample description for Netflix title 194.
s195,Movie,Netflix Title 195,Alex Lee,"Actor C, Actor D",Canada,"April 9, 2011",2011,G,174 min,Crime TV Shows,Sample description for Netflix title 195.
s196,Movie,Netflix Title 196,John Smith,"Actor H, Actor I",Spain,"June 2, 2021",2021,TV-PG,132 min,Crime TV Shows,Sample description for Netflix title 196.
s197,TV Show,Netflix Title 197,Alex Lee,"Actor F, Actor G",United Kingdom,"November 19, 2023",2023,TV-PG,6 Seasons,Romantic Movies,Sample description for Netflix title 197.
s198,TV Show,Netflix Title 198,Emily Brown,Actor E,United States,"January 2, 2013",2013,TV-14,2 Seasons,Crime TV Shows,Sample description for Netflix title 198.
s199,TV Show,Netflix Title 199,Raj Kumar,"Actor H, Actor I",United Kingdom,"July 19, 2025",2025,PG-13,2 Seasons,Thrillers,Sample description for Netflix title 199.
s200,Movie,Netflix Title 200,Emily Brown,"Actor C, Actor D",South Korea,"January 16, 2017",2017,TV-PG,129 min,Crime TV Shows,Sample description for Netflix title 200.
s201,TV Show,Netflix Title 201,Sara Wilson,Actor E,United Kingdom,"March 7, 2018",2018,PG-13,8 Seasons,Drama,Sample description for Netflix title 201.
s202,TV Show,Netflix Title 202,John Smith,"Actor C, Actor D",Japan,"October 12, 2010",2010,TV-MA,8 Seasons,Kids' TV,Sample description for Netflix title 202.
s203,Movie,Netflix Title 203,David Kim,"Actor H, Actor I",Canada,"October 10, 2013",2013,TV-14,87 min,Crime TV Shows,Sample description for Netflix title 203.
s204,TV Show,Netflix Title 204,Emily Brown,Actor E,Brazil,"November 27, 2024",2024,TV-14,6 Seasons,Kids' TV,Sample description for Netflix title 204.
s205,TV Show,Netflix Title 205,Jane Doe,"Actor H, Actor I",Mexico,"August 14, 2011",2011,TV-14,10 Seasons,Thrillers,Sample description for Netflix title 205.
s206,Movie,Netflix Title 206,Sara Wilson,"Actor H, Actor I",Brazil,"September 6, 2024",2024,TV-MA,74 min,Horror,Sample description for Netflix title 206.
s207,Movie,Netflix Title 207,Emily Brown,"Actor A, Actor B",South Korea,"September 18, 2023",2023,PG,73 min,Sci-Fi,Sample description for Netflix title 207.
s208,TV Show,Netflix Title 208,Alex Lee,"Actor F, Actor G",Brazil,"October 24, 2013",2013,TV-14,3 Seasons,Comedy,Sample description for Netflix title 208.
s209,Movie,Netflix Title 209,Sara Wilson,"Actor F, Actor G",Spain,"July 5, 2021",2021,PG-13,133 min,Crime TV Shows,Sample description for Netflix title 209.
s210,TV Show,Netflix Title 210,David Kim,Actor E,South Korea,"November 11, 2011",2011,TV-PG,5 Seasons,Sci-Fi,Sample description for Netflix title 210.
s211,Movie,Netflix Title 211,Raj Kumar,Actor E,Germany,"December 3, 2008",2008,TV-PG,145 min,Romantic Movies,Sample description for Netflix title 211.
s212,Movie,Netflix Title 212,Emily Brown,"Actor F, Actor G",India,"June 14, 2010",2010,TV-MA,85 min,Horror,Sample description for Netflix title 212.
s213,Movie,Netflix Title 213,Jane Doe,"Actor H, Actor I",Japan,"January 17, 2017",2017,PG-13,92 min,Kids' TV,Sample description for Netflix title 213.
s214,TV Show,Netflix Title 214,Emily Brown,"Actor C, Actor D",Brazil,"December 3, 2020",2020,PG,6 Seasons,Crime TV Shows,Sample description for Netflix title 214.
s215,TV Show,Netflix Title 215,Emily Brown,Actor E,Australia,"March 22, 2017",2017,TV-MA,1 Seasons,Romantic Movies,Sample description for Netflix title 215.
s216,TV Show,Netflix Title 216,Raj Kumar,"Actor F, Actor G",Australia,"January 19, 2025",2025,G,7 Seasons,Sci-Fi,Sample description for Netflix title 216.
s217,Movie,Netflix Title 217,Raj Kumar,"Actor A, Actor B",Australia,"April 10, 2011",2011,R,129 min,Action & Adventure,Sample description for Netflix title 217.
s218,Movie,Netflix Title 218,Alex Lee,"Actor H, Actor I",United Kingdom,"December 13, 2017",2017,G,68 min,Comedy,Sample description for Netflix title 218.
s219,TV Show,Netflix Title 219,Jane Doe,"Actor H, Actor I",United States,"August 7, 2020",2020,PG-13,9 Seasons,Kids' TV,Sample description for Netflix title 219.
s220,TV Show,Netflix Title 220,Sara Wilson,"Actor H, Actor I",Australia,"May 14, 2010",2010,G,5 Seasons,Sci-Fi,Sample description for Netflix title 220.
s221,Movie,Netflix Title 221,John Smith,"Actor F, Actor G",Spain,"March 6, 2014",2014,G,145 min,Crime TV Shows,Sample description for Netflix title 221.
s222,Movie,Netflix Title 222,Jane Doe,Actor E,Brazil,"January 14, 2014",2014,TV-14,115 min,Sci-Fi,Sample description for Netflix title 222.
s223,Movie,Netflix Title 223,Alex Lee,"Actor F, Actor G",United States,"January 18, 2013",2013,G,91 min,Documentaries,Sample description for Netflix title 223.
s224,TV Show,Netflix Title 224,Sara Wilson,"Actor C, Actor D",Brazil,"April 5, 2010",2010,G,5 Seasons,Comedy,Sample description for Netflix title 224.
s225,Movie,Netflix Title 225,John Smith,"Actor A, Actor B",Mexico,"July 6, 2015",2015,TV-PG,140 min,Comedy,Sample description for Netflix title 225.
s226,TV Show,Netflix Title 226,Sara Wilson,"Actor F, Actor G",Japan,"February 16, 2020",2020,PG-13,1 Seasons,Comedy,Sample description for Netflix title 226.
s227,Movie,Netflix Title 227,Sara Wilson,"Actor C, Actor D",Australia,"May 4, 2013",2013,R,131 min,Crime TV Shows,Sample description for Netflix title 227.
s228,Movie,Netflix Title 228,Raj Kumar,"Actor F, Actor G",Germany,"October 4, 2013",2013,TV-PG,159 min,Kids' TV,Sample description for Netflix title 228.
s229,TV Show,Netflix Title 229,David Kim,Actor E,United Kingdom,"June 19, 2010",2010,R,9 Seasons,Drama,Sample description for Netflix title 229.
s230,Movie,Netflix Title 230,Alex Lee,"Actor A, Actor B",Mexico,"July 16, 2008",2008,PG-13,76 min,Drama,Sample description for Netflix title 230.
s231,Movie,Netflix Title 231,Sara Wilson,"Actor F, Actor G",United Kingdom,"July 1, 2013",2013,R,139 min,Thrillers,Sample description for Netflix title 231.
s232,TV Show,Netflix Title 232,Raj Kumar,Actor E,South Korea,"July 20, 2011",2011,R,3 Seasons,Comedy,Sample description for Netflix title 232.
s233,TV Show,Netflix Title 233,Emily Brown,"Actor C, Actor D",India,"November 9, 2025",2025,G,5 Seasons,Action & Adventure,Sample description for Netflix title 233.
s234,TV Show,Netflix Title 234,Alex Lee,Actor E,India,"May 19, 2017",2017,TV-PG,7 Seasons,Drama,Sample description for Netflix title 234.
s235,Movie,Netflix Title 235,Alex Lee,"Actor F, Actor G",Australia,"March 10, 2009",2009,TV-MA,144 min,Crime TV Shows,Sample description for Netflix title 235.
s236,Movie,Netflix Title 236,David Kim,Actor E,India,"October 27, 2012",2012,PG-13,161 min,Thrillers,Sample description for Netflix title 236.
s237,Movie,Netflix Title 237,Raj Kumar,"Actor H, Actor I",India,"June 23, 2014",2014,TV-PG,178 min,Sci-Fi,Sample description for Netflix title 237.
s238,TV Show,Netflix Title 238,Alex Lee,"Actor F, Actor G",Australia,"September 9, 2011",2011,PG-13,4 Seasons,Comedy,Sample description for Netflix title 238.
s239,TV Show,Netflix Title 239,Raj Kumar,"Actor C, Actor D",United States,"September 13, 2011",2011,TV-14,3 Seasons,Drama,Sample description for Netflix title 239.
s240,TV Show,Netflix Title 240,Raj Kumar,"Actor C, Actor D",Australia,"February 27, 2021",2021,TV-PG,3 Seasons,Documentaries,Sample description for Netflix title 240.
s241,TV Show,Netflix Title 241,David Kim,Actor E,Mexico,"October 14, 2014",2014,PG,1 Seasons,Drama,Sample description for Netflix title 241.
s242,TV Show,Netflix Title 242,Jane Doe,"Actor C, Actor D",South Korea,"May 28, 2022",2022,TV-14,7 Seasons,Drama,Sample description for Netflix title 242.
s243,TV Show,Netflix Title 243,David Kim,"Actor A, Actor B",South Korea,"April 2, 2014",2014,TV-14,8 Seasons,Sci-Fi,Sample description for Netflix title 243.
s244,TV Show,Netflix Title 244,Sara Wilson,"Actor H, Actor I",Germany,"February 4, 2013",2013,R,7 Seasons,Kids' TV,Sample description for Netflix title 244.
s245,Movie,Netflix Title 245,Sara Wilson,"Actor A, Actor B",Mexico,"November 1, 2019",2019,TV-MA,131 min,Thrillers,Sample description for Netflix title 245.
s246,Movie,Netflix Title 246,John Smith,"Actor C, Actor D",Japan,"February 26, 2017",2017,TV-MA,80 min,Horror,Sample description for Netflix title 246.
s247,TV Show,Netflix Title 247,Raj Kumar,"Actor F, Actor G",Germany,"February 12, 2018",2018,PG,6 Seasons,Thrillers,Sample description for Netflix title 247.
s248,Movie,Netflix Title 248,Jane Doe,"Actor C, Actor D",India,"May 12, 2010",2010,PG-13,180 min,Thrillers,Sample description for Netflix title 248.
s249,TV Show,Netflix Title 249,Alex Lee,"Actor F, Actor G",India,"February 20, 2012",2012,TV-14,7 Seasons,Sci-Fi,Sample description for Netflix title 249.
s250,TV Show,Netflix Title 250,David Kim,"Actor A, Actor B",Japan,"May 20, 2011",2011,PG,1 Seasons,Documentaries,Sample description for Netflix title 250.
s251,Movie,Netflix Title 251,Sara Wilson,"Actor C, Actor D",South Korea,"February 21, 2021",2021,TV-MA,110 min,Action & Adventure,Sample description for Netflix title 251.
s252,TV Show,Netflix Title 252,Emily Brown,"Actor H, Actor I",Brazil,"August 14, 2024",2024,G,5 Seasons,Documentaries,Sample description for Netflix title 252.
s253,Movie,Netflix Title 253,Jane Doe,"Actor A, Actor B",Brazil,"August 1, 2015",2015,PG,113 min,Kids' TV,Sample description for Netflix title 253.
s254,TV Show,Netflix Title 254,David Kim,"Actor C, Actor D",Germany,"December 4, 2009",2009,PG-13,1 Seasons,Comedy,Sample description for Netflix title 254.
s255,Movie,Netflix Title 255,David Kim,Actor E,Spain,"June 18, 2016",2016,PG,102 min,Documentaries,Sample description for Netflix title 255.
s256,TV Show,Netflix Title 256,David Kim,"Actor F, Actor G",Australia,"February 9, 2023",2023,PG,5 Seasons,Romantic Movies,Sample description for Netflix title 256.
s257,TV Show,Netflix Title 257,Sara Wilson,"Actor H, Actor I",Brazil,"August 11, 2019",2019,TV-MA,6 Seasons,Horror,Sample description for Netflix title 257.
s258,TV Show,Netflix Title 258,Emily Brown,"Actor C, Actor D",India,"January 13, 2025",2025,R,7 Seasons,Sci-Fi,Sample description for Netflix title 258.
s259,Movie,Netflix Title 259,Sara Wilson,"Actor A, Actor B",United States,"April 1, 2024",2024,TV-14,172 min,Documentaries,Sample description for Netflix title 259.
s260,Movie,Netflix Title 260,Jane Doe,"Actor C, Actor D",Germany,"December 18, 2021",2021,TV-MA,174 min,Action & Adventure,Sample description for Netflix title 260.
s261,TV Show,Netflix Title 261,Sara Wilson,"Actor F, Actor G",United States,"November 1, 2024",2024,PG-13,6 Seasons,Crime TV Shows,Sample description for Netflix title 261.
s262,Movie,Netflix Title 262,Alex Lee,"Actor H, Actor I",United Kingdom,"September 16, 2011",2011,R,64 min,Horror,Sample description for Netflix title 262.
s263,Movie,Netflix Title 263,Emily Brown,Actor E,Canada,"April 11, 2008",2008,PG-13,140 min,Crime TV Shows,Sample description for Netflix title 263.
s264,Movie,Netflix Title 264,Jane Doe,"Actor A, Actor B",Canada,"September 10, 2015",2015,G,171 min,Drama,Sample description for Netflix title 264.
s265,TV Show,Netflix Title 265,John Smith,"Actor A, Actor B",India,"June 14, 2012",2012,TV-PG,3 Seasons,Drama,Sample description for Netflix title 265.
s266,TV Show,Netflix Title 266,Jane Doe,Actor E,Canada,"November 27, 2011",2011,TV-14,1 Seasons,Horror,Sample description for Netflix title 266.
s267,Movie,Netflix Title 267,Raj Kumar,"Actor F, Actor G",France,"December 6, 2012",2012,R,89 min,Crime TV Shows,Sample description for Netflix title 267.
s268,Movie,Netflix Title 268,David Kim,"Actor F, Actor G",Brazil,"November 21, 2022",2022,PG-13,66 min,Drama,Sample description for Netflix title 268.
s269,TV Show,Netflix Title 269,Alex Lee,"Actor H, Actor I",United States,"June 19, 2012",2012,G,1 Seasons,Comedy,Sample description for Netflix title 269.
s270,Movie,Netflix Title 270,Sara Wilson,"Actor F, Actor G",Spain,"March 22, 2025",2025,R,142 min,Documentaries,Sample description for Netflix title 270.
s271,Movie,Netflix Title 271,Emily Brown,"Actor H, Actor I",India,"November 10, 2009",2009,TV-14,60 min,Crime TV Shows,Sample description for Netflix title 271.
s272,Movie,Netflix Title 272,Alex Lee,"Actor A, Actor B",Mexico,"August 17, 2008",2008,PG,63 min,Horror,Sample description for Netflix title 272.
s273,TV Show,Netflix Title 273,Emily Brown,"Actor A, Actor B",United Kingdom,"March 25, 2011",2011,TV-PG,7 Seasons,Comedy,Sample description for Netflix title 273.
s274,Movie,Netflix Title 274,John Smith,"Actor H, Actor I",France,"September 17, 2016",2016,R,165 min,Sci-Fi,Sample description for Netflix title 274.
s275,Movie,Netflix Title 275,Emily Brown,"Actor A, Actor B",Canada,"September 19, 2009",2009,TV-MA,148 min,Drama,Sample description for Netflix title 275.
s276,Movie,Netflix Title 276,John Smith,"Actor F, Actor G",South Korea,"May 28, 2011",2011,TV-MA,130 min,Thrillers,Sample description for Netflix title 276.
s277,TV Show,Netflix Title 277,Sara Wilson,"Actor F, Actor G",United States,"December 6, 2009",2009,TV-14,1 Seasons,Comedy,Sample description for Netflix title 277.
s278,Movie,Netflix Title 278,Alex Lee,"Actor F, Actor G",Mexico,"June 21, 2023",2023,PG,97 min,Sci-Fi,Sample description for Netflix title 278.
s279,TV Show,Netflix Title 279,Sara Wilson,Actor E,Germany,"July 11, 2023",2023,PG,6 Seasons,Drama,Sample description for Netflix title 279.
s280,Movie,Netflix Title 280,David Kim,"Actor H, Actor I",Japan,"November 1, 2012",2012,G,179 min,Drama,Sample description for Netflix title 280.
s281,TV Show,Netflix Title 281,Raj Kumar,Actor E,South Korea,"November 23, 2025",2025,PG-13,6 Seasons,Documentaries,Sample description for Netflix title 281.
s282,Movie,Netflix Title 282,Sara Wilson,"Actor A, Actor B",South Korea,"December 26, 2020",2020,R,147 min,Horror,Sample description for Netflix title 282.
s283,Movie,Netflix Title 283,Emily Brown,"Actor C, Actor D",Canada,"October 25, 2015",2015,R,172 min,Crime TV Shows,Sample description for Netflix title 283.
s284,Movie,Netflix Title 284,David Kim,"Actor H, Actor I",India,"June 26, 2021",2021,PG,105 min,Romantic Movies,Sample description for Netflix title 284.
s285,TV Show,Netflix Title 285,Raj Kumar,"Actor C, Actor D",France,"July 10, 2018",2018,R,8 Seasons,Sci-Fi,Sample description for Netflix title 285.
s286,TV Show,Netflix Title 286,John Smith,"Actor H, Actor I",Brazil,"September 13, 2022",2022,TV-14,7 Seasons,Comedy,Sample description for Netflix title 286.
s287,Movie,Netflix Title 287,Emily Brown,"Actor A, Actor B",United Kingdom,"October 21, 2024",2024,PG,139 min,Romantic Movies,Sample description for Netflix title 287.
s288,TV Show,Netflix Title 288,Alex Lee,Actor E,Mexico,"October 8, 2009",2009,PG,8 Seasons,Drama,Sample description for Netflix title 288.
s289,TV Show,Netflix Title 289,Alex Lee,"Actor H, Actor I",Japan,"December 10, 2012",2012,TV-14,8 Seasons,Romantic Movies,Sample description for Netflix title 289.
s290,TV Show,Netflix Title 290,Sara Wilson,"Actor H, Actor I",France,"June 8, 2024",2024,TV-MA,1 Seasons,Romantic Movies,Sample description for Netflix title 290.
s291,Movie,Netflix Title 291,Emily Brown,"Actor H, Actor I",South Korea,"February 11, 2024",2024,R,144 min,Documentaries,Sample description for Netflix title 291.
s292,TV Show,Netflix Title 292,Jane Doe,"Actor C, Actor D",South Korea,"November 7, 2020",2020,R,9 Seasons,Sci-Fi,Sample description for Netflix title 292.
s293,TV Show,Netflix Title 293,Sara Wilson,"Actor A, Actor B",France,"May 26, 2009",2009,PG-13,3 Seasons,Crime TV Shows,Sample description for Netflix title 293.
s294,Movie,Netflix Title 294,David Kim,"Actor H, Actor I",United Kingdom,"March 26, 2008",2008,TV-PG,165 min,Thrillers,Sample description for Netflix title 294.
s295,TV Show,Netflix Title 295,John Smith,"Actor F, Actor G",Germany,"June 20, 2009",2009,PG,5 Seasons,Kids' TV,Sample description for Netflix title 295.
s296,TV Show,Netflix Title 296,Sara Wilson,"Actor C, Actor D",Australia,"April 9, 2014",2014,G,6 Seasons,Drama,Sample description for Netflix title 296.
s297,Movie,Netflix Title 297,Raj Kumar,"Actor C, Actor D",Mexico,"August 26, 2019",2019,TV-MA,172 min,Sci-Fi,Sample description for Netflix title 297.
s298,TV Show,Netflix Title 298,John Smith,"Actor F, Actor G",United States,"January 14, 2011",2011,TV-14,2 Seasons,Drama,Sample description for Netflix title 298.
s299,Movie,Netflix Title 299,Raj Kumar,Actor E,France,"February 20, 2025",2025,R,159 min,Crime TV Shows,Sample description for Netflix title 299.
s300,TV Show,Netflix Title 300,Raj Kumar,"Actor H, Actor I",Mexico,"November 6, 2012",2012,R,2 Seasons,Kids' TV,Sample description for Netflix title 300.
s301,TV Show,Netflix Title 301,Raj Kumar,"Actor H, Actor I",Germany,"September 8, 2018",2018,PG,7 Seasons,Documentaries,Sample description for Netflix title 301.
s302,Movie,Netflix Title 302,Emily Brown,"Actor C, Actor D",Australia,"July 22, 2023",2023,G,135 min,Romantic Movies,Sample description for Netflix title 302.
s303,TV Show,Netflix Title 303,Alex Lee,"Actor H, Actor I",Brazil,"February 10, 2019",2019,G,1 Seasons,Crime TV Shows,Sample description for Netflix title 303.
s304,Movie,Netflix Title 304,John Smith,Actor E,India,"July 17, 2019",2019,TV-PG,140 min,Horror,Sample description for Netflix title 304.
s305,Movie,Netflix Title 305,David Kim,"Actor A, Actor B",Japan,"February 4, 2021",2021,G,154 min,Sci-Fi,Sample description for Netflix title 305.
s306,TV Show,Netflix Title 306,John Smith,"Actor C, Actor D",Japan,"October 21, 2016",2016,G,6 Seasons,Action & Adventure,Sample description for Netflix title 306.
s307,TV Show,Netflix Title 307,Alex Lee,"Actor H, Actor I",India,"July 11, 2012",2012,R,3 Seasons,Comedy,Sample description for Netflix title 307.
s308,TV Show,Netflix Title 308,Emily Brown,"Actor A, Actor B",United States,"December 27, 2025",2025,TV-MA,7 Seasons,Action & Adventure,Sample description for Netflix title 308.
s309,Movie,Netflix Title 309,Sara Wilson,"Actor A, Actor B",Mexico,"April 28, 2016",2016,G,88 min,Thrillers,Sample description for Netflix title 309.
s310,TV Show,Netflix Title 310,Jane Doe,"Actor A, Actor B",South Korea,"October 24, 2024",2024,TV-MA,4 Seasons,Documentaries,Sample description for Netflix title 310.
s311,Movie,Netflix Title 311,David Kim,"Actor A, Actor B",Brazil,"September 14, 2013",2013,R,73 min,Action & Adventure,Sample description for Netflix title 311.
s312,TV Show,Netflix Title 312,Alex Lee,"Actor F, Actor G",United States,"May 14, 2015",2015,TV-MA,5 Seasons,Documentaries,Sample description for Netflix title 312.
s313,TV Show,Netflix Title 313,David Kim,Actor E,France,"November 6, 2015",2015,TV-PG,5 Seasons,Comedy,Sample description for Netflix title 313.
s314,TV Show,Netflix Title 314,Raj Kumar,"Actor F, Actor G",Spain,"July 4, 2018",2018,PG,9 Seasons,Action & Adventure,Sample description for Netflix title 314.
s315,Movie,Netflix Title 315,John Smith,"Actor C, Actor D",Mexico,"May 28, 2013",2013,TV-MA,154 min,Thrillers,Sample description for Netflix title 315.
s316,TV Show,Netflix Title 316,David Kim,Actor E,India,"November 22, 2021",2021,R,8 Seasons,Kids' TV,Sample description for Netflix title 316.
s317,TV Show,Netflix Title 317,Alex Lee,"Actor F, Actor G",Mexico,"April 25, 2009",2009,TV-MA,5 Seasons,Horror,Sample description for Netflix title 317.
s318,Movie,Netflix Title 318,Alex Lee,"Actor C, Actor D",South Korea,"January 17, 2023",2023,TV-PG,137 min,Action & Adventure,Sample description for Netflix title 318.
s319,TV Show,Netflix Title 319,David Kim,"Actor A, Actor B",South Korea,"October 15, 2024",2024,R,7 Seasons,Horror,Sample description for Netflix title 319.
s320,TV Show,Netflix Title 320,Emily Brown,"Actor C, Actor D",Brazil,"June 11, 2008",2008,TV-PG,6 Seasons,Crime TV Shows,Sample description for Netflix title 320.
s321,Movie,Netflix Title 321,Emily Brown,"Actor H, Actor I",India,"February 18, 2008",2008,TV-MA,163 min,Horror,Sample description for Netflix title 321.
s322,Movie,Netflix Title 322,David Kim,"Actor C, Actor D",Mexico,"September 6, 2010",2010,TV-14,117 min,Sci-Fi,Sample description for Netflix title 322.
s323,Movie,Netflix Title 323,Raj Kumar,"Actor C, Actor D",Germany,"March 25, 2023",2023,TV-MA,134 min,Action & Adventure,Sample description for Netflix title 323.
s324,TV Show,Netflix Title 324,Jane Doe,Actor E,Spain,"December 14, 2014",2014,R,6 Seasons,Horror,Sample description for Netflix title 324.
s325,TV Show,Netflix Title 325,Sara Wilson,Actor E,Canada,"December 22, 2020",2020,TV-MA,6 Seasons,Romantic Movies,Sample description for Netflix title 325.
s326,TV Show,Netflix Title 326,Raj Kumar,"Actor F, Actor G",South Korea,"April 12, 2017",2017,TV-PG,5 Seasons,Crime TV Shows,Sample description for Netflix title 326.
s327,Movie,Netflix Title 327,Sara Wilson,"Actor A, Actor B",Mexico,"February 5, 2025",2025,PG-13,113 min,Documentaries,Sample description for Netflix title 327.
s328,Movie,Netflix Title 328,David Kim,Actor E,Brazil,"December 22, 2022",2022,PG-13,121 min,Action & Adventure,Sample description for Netflix title 328.
s329,Movie,Netflix Title 329,John Smith,"Actor C, Actor D",Spain,"October 6, 2023",2023,PG-13,79 min,Comedy,Sample description for Netflix title 329.
s330,TV Show,Netflix Title 330,David Kim,"Actor H, Actor I",Brazil,"June 12, 2012",2012,G,2 Seasons,Crime TV Shows,Sample description for Netflix title 330.
s331,TV Show,Netflix Title 331,David Kim,Actor E,United Kingdom,"August 10, 2024",2024,PG,6 Seasons,Documentaries,Sample description for Netflix title 331.
s332,Movie,Netflix Title 332,Jane Doe,Actor E,United States,"April 27, 2022",2022,PG-13,103 min,Drama,Sample description for Netflix title 332.
s333,TV Show,Netflix Title 333,Alex Lee,"Actor F, Actor G",India,"July 13, 2016",2016,R,10 Seasons,Action & Adventure,Sample description for Netflix title 333.
s334,TV Show,Netflix Title 334,John Smith,Actor E,Japan,"December 19, 2014",2014,TV-14,4 Seasons,Action & Adventure,Sample description for Netflix title 334.
s335,Movie,Netflix Title 335,Emily Brown,"Actor C, Actor D",Spain,"April 17, 2014",2014,PG-13,169 min,Horror,Sample description for Netflix title 335.
s336,TV Show,Netflix Title 336,David Kim,Actor E,Brazil,"January 20, 2020",2020,TV-14,4 Seasons,Horror,Sample description for Netflix title 336.
s337,Movie,Netflix Title 337,Emily Brown,"Actor C, Actor D",Mexico,"October 18, 2018",2018,TV-PG,78 min,Drama,Sample description for Netflix title 337.
s338,Movie,Netflix Title 338,Jane Doe,"Actor H, Actor I",Germany,"February 22, 2021",2021,PG-13,144 min,Horror,Sample description for Netflix title 338.
s339,TV Show,Netflix Title 339,John Smith,"Actor A, Actor B",Germany,"September 12, 2019",2019,TV-PG,7 Seasons,Action & Adventure,Sample description for Netflix title 339.
s340,Movie,Netflix Title 340,Emily Brown,"Actor A, Actor B",Brazil,"January 10, 2017",2017,TV-MA,167 min,Romantic Movies,Sample description for Netflix title 340.
s341,Movie,Netflix Title 341,Alex Lee,Actor E,France,"January 19, 2012",2012,TV-14,134 min,Drama,Sample description for Netflix title 341.
s342,TV Show,Netflix Title 342,Emily Brown,"Actor F, Actor G",India,"December 17, 2019",2019,G,10 Seasons,Sci-Fi,Sample description for Netflix title 342.
s343,Movie,Netflix Title 343,David Kim,"Actor A, Actor B",Brazil,"February 6, 2010",2010,R,154 min,Action & Adventure,Sample description for Netflix title 343.
s344,Movie,Netflix Title 344,John Smith,"Actor F, Actor G",Brazil,"June 4, 2010",2010,TV-MA,145 min,Horror,Sample description for Netflix title 344.
s345,Movie,Netflix Title 345,Emily Brown,"Actor A, Actor B",Japan,"January 9, 2012",2012,G,137 min,Kids' TV,Sample description for Netflix title 345.
s346,TV Show,Netflix Title 346,Emily Brown,"Actor F, Actor G",South Korea,"July 26, 2010",2010,PG-13,10 Seasons,Horror,Sample description for Netflix title 346.
s347,TV Show,Netflix Title 347,Raj Kumar,"Actor H, Actor I",India,"December 22, 2008",2008,TV-PG,6 Seasons,Crime TV Shows,Sample description for Netflix title 347.
s348,Movie,Netflix Title 348,David Kim,"Actor H, Actor I",Canada,"October 3, 2025",2025,TV-PG,91 min,Crime TV Shows,Sample description for Netflix title 348.
s349,Movie,Netflix Title 349,John Smith,Actor E,Brazil,"June 18, 2021",2021,G,114 min,Thrillers,Sample description for Netflix title 349.
s350,TV Show,Netflix Title 350,John Smith,"Actor H, Actor I",France,"August 23, 2010",2010,TV-MA,10 Seasons,Comedy,Sample description for Netflix title 350.
s351,Movie,Netflix Title 351,Emily Brown,Actor E,United States,"February 25, 2016",2016,TV-MA,138 min,Thrillers,Sample description for Netflix title 351.
s352,TV Show,Netflix Title 352,Emily Brown,"Actor F, Actor G",Spain,"March 12, 2025",2025,PG,7 Seasons,Horror,Sample description for Netflix title 352.
s353,TV Show,Netflix Title 353,David Kim,"Actor C, Actor D",United States,"November 1, 2023",2023,PG,3 Seasons,Sci-Fi,Sample description for Netflix title 353.
s354,TV Show,Netflix Title 354,Alex Lee,"Actor F, Actor G",Canada,"September 23, 2021",2021,R,1 Seasons,Sci-Fi,Sample description for Netflix title 354.
s355,TV Show,Netflix Title 355,David Kim,"Actor A, Actor B",South Korea,"January 15, 2009",2009,PG,3 Seasons,Romantic Movies,Sample description for Netflix title 355.
s356,Movie,Netflix Title 356,Raj Kumar,"Actor H, Actor I",Japan,"June 10, 2018",2018,PG,162 min,Comedy,Sample description for Netflix title 356.
s357,Movie,Netflix Title 357,Emily Brown,"Actor F, Actor G",India,"May 22, 2022",2022,TV-14,133 min,Action & Adventure,Sample description for Netflix title 357.
s358,Movie,Netflix Title 358,David Kim,Actor E,United States,"January 21, 2020",2020,TV-PG,105 min,Kids' TV,Sample description for Netflix title 358.
s359,Movie,Netflix Title 359,Alex Lee,"Actor A, Actor B",Canada,"March 20, 2011",2011,G,96 min,Thrillers,Sample description for Netflix title 359.
s360,Movie,Netflix Title 360,Jane Doe,"Actor H, Actor I",Canada,"January 25, 2011",2011,TV-MA,118 min,Comedy,Sample description for Netflix title 360.
s361,Movie,Netflix Title 361,David Kim,"Actor C, Actor D",Canada,"December 17, 2011",2011,PG-13,128 min,Crime TV Shows,Sample description for Netflix title 361.
s362,TV Show,Netflix Title 362,Emily Brown,"Actor H, Actor I",France,"December 5, 2020",2020,PG-13,6 Seasons,Comedy,Sample description for Netflix title 362.
s363,TV Show,Netflix Title 363,David Kim,"Actor A, Actor B",Japan,"March 28, 2021",2021,TV-MA,9 Seasons,Comedy,Sample description for Netflix title 363.
s364,TV Show,Netflix Title 364,Jane Doe,"Actor A, Actor B",Germany,"February 25, 2011",2011,G,4 Seasons,Drama,Sample description for Netflix title 364.
s365,Movie,Netflix Title 365,Sara Wilson,Actor E,Germany,"July 6, 2014",2014,TV-MA,156 min,Horror,Sample description for Netflix title 365.
s366,TV Show,Netflix Title 366,Alex Lee,"Actor F, Actor G",Australia,"September 18, 2009",2009,PG-13,4 Seasons,Action & Adventure,Sample description for Netflix title 366.
s367,TV Show,Netflix Title 367,Emily Brown,"Actor H, Actor I",Japan,"June 23, 2008",2008,G,9 Seasons,Sci-Fi,Sample description for Netflix title 367.
s368,TV Show,Netflix Title 368,Alex Lee,"Actor F, Actor G",Spain,"March 12, 2015",2015,TV-14,1 Seasons,Comedy,Sample description for Netflix title 368.
s369,TV Show,Netflix Title 369,Emily Brown,"Actor H, Actor I",Spain,"January 23, 2023",2023,TV-14,8 Seasons,Thrillers,Sample description for Netflix title 369.
s370,TV Show,Netflix Title 370,Sara Wilson,Actor E,Australia,"May 11, 2014",2014,G,1 Seasons,Crime TV Shows,Sample description for Netflix title 370.
s371,TV Show,Netflix Title 371,Jane Doe,"Actor H, Actor I",Spain,"May 21, 2013",2013,PG-13,8 Seasons,Documentaries,Sample description for Netflix title 371.
s372,TV Show,Netflix Title 372,Jane Doe,"Actor F, Actor G",France,"August 7, 2011",2011,TV-MA,9 Seasons,Comedy,Sample description for Netflix title 372.
s373,Movie,Netflix Title 373,John Smith,"Actor H, Actor I",Australia,"January 9, 2016",2016,G,80 min,Horror,Sample description for Netflix title 373.
s374,TV Show,Netflix Title 374,John Smith,"Actor F, Actor G",Australia,"January 28, 2019",2019,TV-PG,6 Seasons,Crime TV Shows,Sample description for Netflix title 374.
s375,Movie,Netflix Title 375,Raj Kumar,"Actor C, Actor D",Canada,"March 27, 2020",2020,PG,173 min,Action & Adventure,Sample description for Netflix title 375.
s376,Movie,Netflix Title 376,Emily Brown,"Actor A, Actor B",Japan,"March 18, 2022",2022,TV-MA,166 min,Documentaries,Sample description for Netflix title 376.
s377,TV Show,Netflix Title 377,Jane Doe,"Actor H, Actor I",United States,"August 5, 2015",2015,PG,5 Seasons,Comedy,Sample description for Netflix title 377.
s378,Movie,Netflix Title 378,Emily Brown,Actor E,Brazil,"March 8, 2023",2023,G,120 min,Drama,Sample description for Netflix title 378.
s379,TV Show,Netflix Title 379,David Kim,"Actor H, Actor I",South Korea,"June 26, 2024",2024,PG,7 Seasons,Documentaries,Sample description for Netflix title 379.
s380,TV Show,Netflix Title 380,John Smith,Actor E,India,"April 3, 2011",2011,TV-14,5 Seasons,Romantic Movies,Sample description for Netflix title 380.
s381,Movie,Netflix Title 381,Alex Lee,Actor E,Australia,"April 26, 2010",2010,G,173 min,Drama,Sample description for Netflix title 381.
s382,Movie,Netflix Title 382,John Smith,Actor E,United Kingdom,"December 7, 2014",2014,TV-MA,171 min,Horror,Sample description for Netflix title 382.
s383,TV Show,Netflix Title 383,Raj Kumar,"Actor C, Actor D",India,"June 16, 2021",2021,PG-13,10 Seasons,Thrillers,Sample description for Netflix title 383.
s384,Movie,Netflix Title 384,Jane Doe,"Actor F, Actor G",Canada,"September 11, 2021",2021,TV-PG,115 min,Kids' TV,Sample description for Netflix title 384.
s385,TV Show,Netflix Title 385,Alex Lee,"Actor A, Actor B",Spain,"May 10, 2021",2021,PG-13,10 Seasons,Documentaries,Sample description for Netflix title 385.
s386,Movie,Netflix Title 386,Raj Kumar,"Actor F, Actor G",Mexico,"September 2, 2013",2013,PG,69 min,Romantic Movies,Sample description for Netflix title 386.
s387,Movie,Netflix Title 387,Sara Wilson,Actor E,United Kingdom,"August 16, 2016",2016,TV-PG,147 min,Kids' TV,Sample description for Netflix title 387.
s388,TV Show,Netflix Title 388,Raj Kumar,"Actor A, Actor B",France,"July 25, 2012",2012,R,6 Seasons,Romantic Movies,Sample description for Netflix title 388.
s389,Movie,Netflix Title 389,Jane Doe,"Actor A, Actor B",United Kingdom,"June 22, 2020",2020,TV-MA,177 min,Kids' TV,Sample description for Netflix title 389.
s390,Movie,Netflix Title 390,David Kim,"Actor A, Actor B",Germany,"June 18, 2019",2019,PG-13,81 min,Crime TV Shows,Sample description for Netflix title 390.
s391,TV Show,Netflix Title 391,Jane Doe,"Actor C, Actor D",South Korea,"May 16, 2021",2021,TV-14,6 Seasons,Comedy,Sample description for Netflix title 391.
s392,TV Show,Netflix Title 392,David Kim,"Actor C, Actor D",Spain,"May 11, 2013",2013,G,5 Seasons,Comedy,Sample description for Netflix title 392.
s393,Movie,Netflix Title 393,Raj Kumar,"Actor H, Actor I",Spain,"December 8, 2018",2018,TV-14,108 min,Kids' TV,Sample description for Netflix title 393.
s394,TV Show,Netflix Title 394,Sara Wilson,"Actor A, Actor B",Canada,"August 26, 2018",2018,TV-PG,4 Seasons,Thrillers,Sample description for Netflix title 394.
s395,Movie,Netflix Title 395,David Kim,"Actor H, Actor I",Spain,"February 28, 2014",2014,R,68 min,Kids' TV,Sample description for Netflix title 395.
s396,TV Show,Netflix Title 396,Raj Kumar,Actor E,Japan,"August 14, 2014",2014,TV-PG,8 Seasons,Thrillers,Sample description for Netflix title 396.
s397,Movie,Netflix Title 397,David Kim,"Actor F, Actor G",France,"October 21, 2014",2014,PG,160 min,Documentaries,Sample description for Netflix title 397.
s398,TV Show,Netflix Title 398,Alex Lee,"Actor H, Actor I",United States,"August 21, 2022",2022,PG,1 Seasons,Action & Adventure,Sample description for Netflix title 398.
s399,Movie,Netflix Title 399,Sara Wilson,"Actor H, Actor I",South Korea,"April 2, 2014",2014,TV-PG,180 min,Action & Adventure,Sample description for Netflix title 399.
s400,Movie,Netflix Title 400,Raj Kumar,"Actor F, Actor G",United States,"August 15, 2011",2011,G,149 min,Documentaries,Sample description for Netflix title 400.
s401,TV Show,Netflix Title 401,Emily Brown,Actor E,Canada,"July 23, 2022",2022,PG,4 Seasons,Kids' TV,Sample description for Netflix title 401.
s402,Movie,Netflix Title 402,Emily Brown,"Actor C, Actor D",Japan,"January 4, 2009",2009,TV-14,144 min,Horror,Sample description for Netflix title 402.
s403,Movie,Netflix Title 403,Raj Kumar,"Actor H, Actor I",India,"August 15, 2021",2021,G,118 min,Action & Adventure,Sample description for Netflix title 403.
s404,Movie,Netflix Title 404,Emily Brown,Actor E,India,"October 9, 2023",2023,TV-PG,128 min,Kids' TV,Sample description for Netflix title 404.
s405,Movie,Netflix Title 405,David Kim,"Actor A, Actor B",United States,"October 22, 2015",2015,G,155 min,Horror,Sample description for Netflix title 405.
s406,TV Show,Netflix Title 406,Alex Lee,"Actor H, Actor I",Spain,"January 5, 2022",2022,TV-PG,3 Seasons,Horror,Sample description for Netflix title 406.
s407,TV Show,Netflix Title 407,David Kim,"Actor A, Actor B",South Korea,"January 6, 2025",2025,TV-PG,4 Seasons,Horror,Sample description for Netflix title 407.
s408,Movie,Netflix Title 408,Emily Brown,Actor E,Brazil,"July 26, 2025",2025,PG-13,96 min,Documentaries,Sample description for Netflix title 408.
s409,TV Show,Netflix Title 409,John Smith,"Actor C, Actor D",Australia,"November 9, 2022",2022,G,3 Seasons,Drama,Sample description for Netflix title 409.
s410,TV Show,Netflix Title 410,Sara Wilson,"Actor F, Actor G",Canada,"December 27, 2012",2012,R,2 Seasons,Drama,Sample description for Netflix title 410.
s411,TV Show,Netflix Title 411,David Kim,"Actor A, Actor B",United Kingdom,"May 4, 2013",2013,G,8 Seasons,Thrillers,Sample description for Netflix title 411.
s412,Movie,Netflix Title 412,Alex Lee,"Actor H, Actor I",Mexico,"January 27, 2013",2013,PG,61 min,Crime TV Shows,Sample description for Netflix title 412.
s413,TV Show,Netflix Title 413,Alex Lee,"Actor F, Actor G",South Korea,"August 18, 2025",2025,PG,4 Seasons,Crime TV Shows,Sample description for Netflix title 413.
s414,Movie,Netflix Title 414,Emily Brown,"Actor F, Actor G",South Korea,"September 25, 2008",2008,R,86 min,Comedy,Sample description for Netflix title 414.
s415,TV Show,Netflix Title 415,Jane Doe,"Actor C, Actor D",Germany,"July 15, 2022",2022,TV-MA,3 Seasons,Kids' TV,Sample description for Netflix title 415.
s416,Movie,Netflix Title 416,John Smith,"Actor A, Actor B",Canada,"June 17, 2023",2023,TV-14,153 min,Thrillers,Sample description for Netflix title 416.
s417,Movie,Netflix Title 417,Jane Doe,"Actor H, Actor I",Germany,"August 16, 2020",2020,R,167 min,Action & Adventure,Sample description for Netflix title 417.
s418,Movie,Netflix Title 418,Raj Kumar,Actor E,Australia,"October 21, 2014",2014,PG,80 min,Horror,Sample description for Netflix title 418.
s419,Movie,Netflix Title 419,Jane Doe,"Actor C, Actor D",Japan,"March 6, 2017",2017,PG,97 min,Romantic Movies,Sample description for Netflix title 419.
s420,TV Show,Netflix Title 420,Alex Lee,"Actor H, Actor I",Canada,"February 19, 2010",2010,TV-MA,3 Seasons,Sci-Fi,Sample description for Netflix title 420.
s421,Movie,Netflix Title 421,Jane Doe,"Actor A, Actor B",Brazil,"December 26, 2010",2010,PG-13,145 min,Romantic Movies,Sample description for Netflix title 421.
s422,TV Show,Netflix Title 422,Emily Brown,"Actor F, Actor G",Japan,"October 11, 2017",2017,TV-MA,8 Seasons,Romantic Movies,Sample description for Netflix title 422.
s423,Movie,Netflix Title 423,Emily Brown,"Actor A, Actor B",United States,"August 9, 2022",2022,G,124 min,Romantic Movies,Sample description for Netflix title 423.
s424,Movie,Netflix Title 424,Alex Lee,"Actor F, Actor G",South Korea,"April 28, 2023",2023,TV-PG,122 min,Horror,Sample description for Netflix title 424.
s425,Movie,Netflix Title 425,David Kim,"Actor H, Actor I",South Korea,"April 26, 2023",2023,PG-13,114 min,Kids' TV,Sample description for Netflix title 425.
s426,Movie,Netflix Title 426,David Kim,"Actor C, Actor D",South Korea,"August 13, 2013",2013,R,176 min,Thrillers,Sample description for Netflix title 426.
s427,TV Show,Netflix Title 427,Raj Kumar,"Actor F, Actor G",India,"December 25, 2019",2019,PG,5 Seasons,Crime TV Shows,Sample description for Netflix title 427.
s428,Movie,Netflix Title 428,Alex Lee,"Actor C, Actor D",United States,"December 13, 2009",2009,TV-PG,164 min,Documentaries,Sample description for Netflix title 428.
s429,Movie,Netflix Title 429,John Smith,Actor E,United Kingdom,"May 22, 2021",2021,PG,144 min,Thrillers,Sample description for Netflix title 429.
s430,TV Show,Netflix Title 430,Jane Doe,"Actor H, Actor I",India,"December 3, 2022",2022,R,10 Seasons,Action & Adventure,Sample description for Netflix title 430.
s431,TV Show,Netflix Title 431,Sara Wilson,"Actor A, Actor B",Australia,"February 13, 2025",2025,R,1 Seasons,Action & Adventure,Sample description for Netflix title 431.
s432,Movie,Netflix Title 432,Raj Kumar,"Actor F, Actor G",United Kingdom,"January 5, 2008",2008,G,127 min,Horror,Sample description for Netflix title 432.
s433,TV Show,Netflix Title 433,Raj Kumar,"Actor F, Actor G",South Korea,"June 13, 2008",2008,PG,3 Seasons,Thrillers,Sample description for Netflix title 433.
s434,TV Show,Netflix Title 434,Jane Doe,Actor E,Germany,"March 12, 2022",2022,PG,1 Seasons,Comedy,Sample description for Netflix title 434.
s435,Movie,Netflix Title 435,Raj Kumar,"Actor C, Actor D",Canada,"October 26, 2012",2012,PG,149 min,Horror,Sample description for Netflix title 435.
s436,TV Show,Netflix Title 436,John Smith,"Actor F, Actor G",France,"December 4, 2023",2023,TV-MA,2 Seasons,Comedy,Sample description for Netflix title 436.
s437,TV Show,Netflix Title 437,Emily Brown,"Actor C, Actor D",South Korea,"March 23, 2008",2008,R,6 Seasons,Romantic Movies,Sample description for Netflix title 437.
s438,Movie,Netflix Title 438,Sara Wilson,"Actor H, Actor I",Spain,"October 26, 2023",2023,TV-14,71 min,Action & Adventure,Sample description for Netflix title 438.
s439,Movie,Netflix Title 439,Alex Lee,"Actor H, Actor I",France,"November 24, 2022",2022,PG-13,85 min,Horror,Sample description for Netflix title 439.
s440,Movie,Netflix Title 440,Alex Lee,"Actor C, Actor D",India,"February 9, 2019",2019,R,149 min,Crime TV Shows,Sample description for Netflix title 440.
s441,TV Show,Netflix Title 441,John Smith,"Actor C, Actor D",United States,"October 3, 2021",2021,TV-PG,3 Seasons,Action & Adventure,Sample description for Netflix title 441.
s442,Movie,Netflix Title 442,Raj Kumar,"Actor C, Actor D",South Korea,"December 20, 2011",2011,PG,112 min,Crime TV Shows,Sample description for Netflix title 442.
s443,Movie,Netflix Title 443,John Smith,"Actor H, Actor I",Spain,"August 14, 2011",2011,TV-PG,169 min,Kids' TV,Sample description for Netflix title 443.
s444,TV Show,Netflix Title 444,Emily Brown,"Actor H, Actor I",Spain,"July 1, 2008",2008,R,10 Seasons,Thrillers,Sample description for Netflix title 444.
s445,Movie,Netflix Title 445,Raj Kumar,"Actor F, Actor G",Mexico,"August 16, 2024",2024,TV-14,120 min,Documentaries,Sample description for Netflix title 445.
s446,TV Show,Netflix Title 446,David Kim,"Actor C, Actor D",Canada,"March 22, 2024",2024,TV-PG,2 Seasons,Comedy,Sample description for Netflix title 446.
s447,TV Show,Netflix Title 447,Sara Wilson,Actor E,Australia,"September 11, 2013",2013,TV-14,3 Seasons,Sci-Fi,Sample description for Netflix title 447.
s448,TV Show,Netflix Title 448,Sara Wilson,"Actor C, Actor D",United Kingdom,"September 4, 2015",2015,TV-14,9 Seasons,Sci-Fi,Sample description for Netflix title 448.
s449,Movie,Netflix Title 449,Alex Lee,"Actor F, Actor G",Japan,"November 8, 2012",2012,PG-13,96 min,Horror,Sample description for Netflix title 449.
s450,Movie,Netflix Title 450,Sara Wilson,Actor E,United Kingdom,"September 7, 2025",2025,PG-13,107 min,Horror,Sample description for Netflix title 450.
s451,Movie,Netflix Title 451,David Kim,"Actor A, Actor B",United States,"June 2, 2025",2025,G,167 min,Kids' TV,Sample description for Netflix title 451.
s452,Movie,Netflix Title 452,Emily Brown,Actor E,Japan,"December 11, 2013",2013,TV-14,66 min,Drama,Sample description for Netflix title 452.
s453,TV Show,Netflix Title 453,Jane Doe,"Actor A, Actor B",United Kingdom,"September 9, 2023",2023,TV-PG,8 Seasons,Thrillers,Sample description for Netflix title 453.
s454,Movie,Netflix Title 454,Jane Doe,"Actor H, Actor I",Mexico,"February 4, 2024",2024,TV-MA,123 min,Action & Adventure,Sample description for Netflix title 454.
s455,Movie,Netflix Title 455,David Kim,"Actor F, Actor G",India,"August 28, 2009",2009,G,81 min,Action & Adventure,Sample description for Netflix title 455.
s456,TV Show,Netflix Title 456,Sara Wilson,"Actor F, Actor G",Brazil,"March 10, 2011",2011,R,9 Seasons,Drama,Sample description for Netflix title 456.
s457,Movie,Netflix Title 457,Alex Lee,"Actor F, Actor G",Australia,"August 20, 2011",2011,TV-PG,127 min,Horror,Sample description for Netflix title 457.
s458,TV Show,Netflix Title 458,John Smith,"Actor A, Actor B",Germany,"September 17, 2025",2025,TV-PG,7 Seasons,Crime TV Shows,Sample description for Netflix title 458.
s459,Movie,Netflix Title 459,Jane Doe,Actor E,Germany,"March 25, 2008",2008,R,99 min,Kids' TV,Sample description for Netflix title 459.
s460,TV Show,Netflix Title 460,John Smith,"Actor C, Actor D",South Korea,"February 8, 2015",2015,PG-13,4 Seasons,Crime TV Shows,Sample description for Netflix title 460.
s461,Movie,Netflix Title 461,David Kim,"Actor A, Actor B",Japan,"August 2, 2021",2021,R,63 min,Sci-Fi,Sample description for Netflix title 461.
s462,TV Show,Netflix Title 462,Raj Kumar,Actor E,India,"August 4, 2024",2024,PG-13,9 Seasons,Sci-Fi,Sample description for Netflix title 462.
s463,TV Show,Netflix Title 463,John Smith,Actor E,Mexico,"June 9, 2020",2020,PG,5 Seasons,Kids' TV,Sample description for Netflix title 463.
s464,Movie,Netflix Title 464,David Kim,Actor E,India,"March 5, 2011",2011,PG,127 min,Crime TV Shows,Sample description for Netflix title 464.
s465,TV Show,Netflix Title 465,Alex Lee,"Actor F, Actor G",Germany,"November 22, 2024",2024,TV-14,2 Seasons,Crime TV Shows,Sample description for Netflix title 465.
s466,TV Show,Netflix Title 466,Raj Kumar,"Actor H, Actor I",United Kingdom,"November 28, 2020",2020,TV-14,9 Seasons,Horror,Sample description for Netflix title 466.
s467,Movie,Netflix Title 467,Sara Wilson,"Actor A, Actor B",Canada,"August 27, 2010",2010,R,111 min,Drama,Sample description for Netflix title 467.
s468,TV Show,Netflix Title 468,Sara Wilson,"Actor A, Actor B",Canada,"September 7, 2022",2022,PG,3 Seasons,Kids' TV,Sample description for Netflix title 468.
s469,TV Show,Netflix Title 469,Emily Brown,"Actor C, Actor D",Japan,"November 9, 2017",2017,PG-13,1 Seasons,Romantic Movies,Sample description for Netflix title 469.
s470,Movie,Netflix Title 470,David Kim,Actor E,South Korea,"January 3, 2008",2008,G,159 min,Crime TV Shows,Sample description for Netflix title 470.
s471,TV Show,Netflix Title 471,Alex Lee,"Actor C, Actor D",Brazil,"September 9, 2020",2020,G,8 Seasons,Crime TV Shows,Sample description for Netflix title 471.
s472,TV Show,Netflix Title 472,Raj Kumar,"Actor A, Actor B",United Kingdom,"July 28, 2017",2017,G,9 Seasons,Horror,Sample description for Netflix title 472.
s473,TV Show,Netflix Title 473,Sara Wilson,"Actor H, Actor I",Mexico,"February 20, 2025",2025,TV-MA,4 Seasons,Crime TV Shows,Sample description for Netflix title 473.
s474,Movie,Netflix Title 474,Raj Kumar,"Actor C, Actor D",Canada,"January 17, 2013",2013,PG,123 min,Documentaries,Sample description for Netflix title 474.
s475,Movie,Netflix Title 475,Jane Doe,"Actor H, Actor I",Spain,"May 10, 2015",2015,PG,140 min,Comedy,Sample description for Netflix title 475.
s476,Movie,Netflix Title 476,Emily Brown,"Actor H, Actor I",Canada,"April 7, 2019",2019,PG,129 min,Romantic Movies,Sample description for Netflix title 476.
s477,Movie,Netflix Title 477,Raj Kumar,Actor E,Brazil,"April 18, 2013",2013,TV-PG,113 min,Romantic Movies,Sample description for Netflix title 477.
s478,TV Show,Netflix Title 478,Alex Lee,Actor E,France,"August 18, 2018",2018,TV-MA,8 Seasons,Horror,Sample description for Netflix title 478.
s479,TV Show,Netflix Title 479,Raj Kumar,"Actor A, Actor B",Japan,"March 12, 2019",2019,TV-PG,8 Seasons,Horror,Sample description for Netflix title 479.
s480,Movie,Netflix Title 480,Jane Doe,"Actor H, Actor I",United States,"December 6, 2019",2019,PG-13,150 min,Horror,Sample description for Netflix title 480.
s481,TV Show,Netflix Title 481,Alex Lee,"Actor H, Actor I",Mexico,"March 12, 2013",2013,TV-MA,10 Seasons,Kids' TV,Sample description for Netflix title 481.
s482,TV Show,Netflix Title 482,Alex Lee,"Actor F, Actor G",India,"October 19, 2021",2021,TV-PG,10 Seasons,Sci-Fi,Sample description for Netflix title 482.
s483,TV Show,Netflix Title 483,David Kim,"Actor F, Actor G",Brazil,"November 19, 2025",2025,TV-14,8 Seasons,Horror,Sample description for Netflix title 483.
s484,Movie,Netflix Title 484,David Kim,"Actor C, Actor D",Brazil,"February 28, 2014",2014,R,106 min,Kids' TV,Sample description for Netflix title 484.
s485,TV Show,Netflix Title 485,Jane Doe,"Actor H, Actor I",Australia,"February 6, 2008",2008,TV-PG,2 Seasons,Sci-Fi,Sample description for Netflix title 485.
s486,TV Show,Netflix Title 486,Emily Brown,Actor E,Japan,"October 20, 2010",2010,PG-13,1 Seasons,Thrillers,Sample description for Netflix title 486.
s487,TV Show,Netflix Title 487,Alex Lee,Actor E,Mexico,"March 5, 2015",2015,R,9 Seasons,Action & Adventure,Sample description for Netflix title 487.
s488,TV Show,Netflix Title 488,Raj Kumar,"Actor C, Actor D",Canada,"October 20, 2021",2021,PG-13,3 Seasons,Action & Adventure,Sample description for Netflix title 488.
s489,TV Show,Netflix Title 489,John Smith,"Actor A, Actor B",Mexico,"June 20, 2023",2023,TV-PG,6 Seasons,Drama,Sample description for Netflix title 489.
s490,Movie,Netflix Title 490,John Smith,"Actor A, Actor B",Spain,"April 26, 2020",2020,TV-14,92 min,Kids' TV,Sample description for Netflix title 490.
s491,Movie,Netflix Title 491,John Smith,"Actor F, Actor G",Spain,"November 13, 2018",2018,TV-14,180 min,Drama,Sample description for Netflix title 491.
s492,TV Show,Netflix Title 492,Alex Lee,"Actor A, Actor B",South Korea,"March 9, 2014",2014,G,10 Seasons,Drama,Sample description for Netflix title 492.
s493,Movie,Netflix Title 493,Alex Lee,"Actor C, Actor D",France,"June 28, 2016",2016,R,60 min,Comedy,Sample description for Netflix title 493.
s494,TV Show,Netflix Title 494,Alex Lee,"Actor H, Actor I",Brazil,"November 5, 2013",2013,TV-14,4 Seasons,Action & Adventure,Sample description for Netflix title 494.
s495,TV Show,Netflix Title 495,John Smith,"Actor C, Actor D",Japan,"February 9, 2012",2012,TV-MA,7 Seasons,Crime TV Shows,Sample description for Netflix title 495.
s496,Movie,Netflix Title 496,Jane Doe,"Actor A, Actor B",Brazil,"December 13, 2013",2013,PG,176 min,Drama,Sample description for Netflix title 496.
s497,TV Show,Netflix Title 497,Jane Doe,"Actor F, Actor G",Australia,"May 7, 2013",2013,TV-14,8 Seasons,Crime TV Shows,Sample description for Netflix title 497.
s498,Movie,Netflix Title 498,Alex Lee,Actor E,Spain,"July 19, 2015",2015,TV-14,175 min,Sci-Fi,Sample description for Netflix title 498.
s499,Movie,Netflix Title 499,Sara Wilson,"Actor C, Actor D",South Korea,"July 22, 2024",2024,G,173 min,Romantic Movies,Sample description for Netflix title 499.
s500,TV Show,Netflix Title 500,Emily Brown,"Actor H, Actor I",United Kingdom,"April 8, 2020",2020,TV-PG,1 Seasons,Documentaries,Sample description for Netflix title 500.
s501,TV Show,Netflix Title 501,David Kim,"Actor C, Actor D",France,"August 24, 2022",2022,TV-PG,10 Seasons,Action & Adventure,Sample description for Netflix title 501.
s502,TV Show,Netflix Title 502,Alex Lee,"Actor H, Actor I",South Korea,"June 12, 2024",2024,TV-14,5 Seasons,Comedy,Sample description for Netflix title 502.
s503,TV Show,Netflix Title 503,John Smith,Actor E,Australia,"July 4, 2014",2014,R,3 Seasons,Romantic Movies,Sample description for Netflix title 503.
s504,TV Show,Netflix Title 504,Sara Wilson,"Actor F, Actor G",South Korea,"July 18, 2011",2011,TV-PG,5 Seasons,Horror,Sample description for Netflix title 504.
s505,TV Show,Netflix Title 505,Sara Wilson,"Actor F, Actor G",United Kingdom,"March 14, 2021",2021,TV-MA,4 Seasons,Drama,Sample description for Netflix title 505.
s506,TV Show,Netflix Title 506,Sara Wilson,"Actor H, Actor I",Germany,"May 20, 2022",2022,R,4 Seasons,Sci-Fi,Sample description for Netflix title 506.
s507,TV Show,Netflix Title 507,John Smith,"Actor A, Actor B",Canada,"November 26, 2012",2012,R,1 Seasons,Kids' TV,Sample description for Netflix title 507.
s508,Movie,Netflix Title 508,Emily Brown,"Actor C, Actor D",France,"April 26, 2009",2009,TV-14,82 min,Crime TV Shows,Sample description for Netflix title 508.
s509,Movie,Netflix Title 509,Raj Kumar,Actor E,India,"November 16, 2012",2012,R,143 min,Sci-Fi,Sample description for Netflix title 509.
s510,Movie,Netflix Title 510,John Smith,"Actor H, Actor I",Brazil,"November 19, 2023",2023,TV-PG,96 min,Sci-Fi,Sample description for Netflix title 510.
s511,TV Show,Netflix Title 511,Jane Doe,"Actor C, Actor D",Brazil,"May 22, 2016",2016,TV-PG,2 Seasons,Thrillers,Sample description for Netflix title 511.
s512,TV Show,Netflix Title 512,Raj Kumar,"Actor F, Actor G",Canada,"November 13, 2011",2011,PG-13,1 Seasons,Sci-Fi,Sample description for Netflix title 512.
s513,Movie,Netflix Title 513,John Smith,"Actor C, Actor D",Germany,"February 14, 2009",2009,TV-PG,94 min,Thrillers,Sample description for Netflix title 513.
s514,Movie,Netflix Title 514,Jane Doe,Actor E,India,"July 4, 2016",2016,G,110 min,Action & Adventure,Sample description for Netflix title 514.
s515,TV Show,Netflix Title 515,Alex Lee,"Actor F, Actor G",France,"January 17, 2023",2023,TV-MA,6 Seasons,Drama,Sample description for Netflix title 515.
s516,Movie,Netflix Title 516,David Kim,Actor E,Brazil,"March 24, 2015",2015,PG,71 min,Drama,Sample description for Netflix title 516.
s517,TV Show,Netflix Title 517,Raj Kumar,Actor E,India,"August 14, 2016",2016,PG-13,1 Seasons,Action & Adventure,Sample description for Netflix title 517.
s518,Movie,Netflix Title 518,David Kim,Actor E,Germany,"October 2, 2010",2010,PG,146 min,Romantic Movies,Sample description for Netflix title 518.
s519,Movie,Netflix Title 519,Sara Wilson,"Actor A, Actor B",India,"February 21, 2018",2018,TV-PG,157 min,Action & Adventure,Sample description for Netflix title 519.
s520,TV Show,Netflix Title 520,Alex Lee,"Actor H, Actor I",France,"October 28, 2023",2023,TV-MA,7 Seasons,Sci-Fi,Sample description for Netflix title 520.
s521,TV Show,Netflix Title 521,Raj Kumar,"Actor F, Actor G",Canada,"March 24, 2008",2008,TV-MA,5 Seasons,Horror,Sample description for Netflix title 521.
s522,TV Show,Netflix Title 522,Emily Brown,"Actor F, Actor G",Germany,"November 6, 2018",2018,G,6 Seasons,Comedy,Sample description for Netflix title 522.
s523,TV Show,Netflix Title 523,Emily Brown,"Actor C, Actor D",Japan,"September 7, 2025",2025,G,7 Seasons,Horror,Sample description for Netflix title 523.
s524,TV Show,Netflix Title 524,Alex Lee,Actor E,South Korea,"November 7, 2013",2013,R,8 Seasons,Thrillers,Sample description for Netflix title 524.
s525,TV Show,Netflix Title 525,Emily Brown,Actor E,United Kingdom,"April 28, 2023",2023,R,9 Seasons,Sci-Fi,Sample description for Netflix title 525.
s526,Movie,Netflix Title 526,Emily Brown,"Actor H, Actor I",Spain,"December 22, 2014",2014,PG,141 min,Thrillers,Sample description for Netflix title 526.
s527,TV Show,Netflix Title 527,Raj Kumar,"Actor F, Actor G",Spain,"April 3, 2022",2022,TV-14,1 Seasons,Kids' TV,Sample description for Netflix title 527.
s528,Movie,Netflix Title 528,John Smith,Actor E,Canada,"June 25, 2010",2010,TV-PG,142 min,Sci-Fi,Sample description for Netflix title 528.
s529,TV Show,Netflix Title 529,David Kim,"Actor F, Actor G",Brazil,"January 8, 2017",2017,TV-14,9 Seasons,Kids' TV,Sample description for Netflix title 529.
s530,Movie,Netflix Title 530,Sara Wilson,"Actor C, Actor D",Mexico,"April 3, 2011",2011,R,74 min,Sci-Fi,Sample description for Netflix title 530.
s531,TV Show,Netflix Title 531,Jane Doe,"Actor C, Actor D",United Kingdom,"May 26, 2023",2023,TV-14,5 Seasons,Sci-Fi,Sample description for Netflix title 531.
s532,Movie,Netflix Title 532,Sara Wilson,"Actor F, Actor G",India,"August 7, 2017",2017,G,163 min,Kids' TV,Sample description for Netflix title 532.
s533,TV Show,Netflix Title 533,John Smith,Actor E,United Kingdom,"November 3, 2024",2024,TV-MA,1 Seasons,Action & Adventure,Sample description for Netflix title 533.
s534,Movie,Netflix Title 534,John Smith,"Actor H, Actor I",United States,"November 6, 2020",2020,TV-PG,140 min,Kids' TV,Sample description for Netflix title 534.
s535,Movie,Netflix Title 535,Alex Lee,"Actor F, Actor G",United States,"May 18, 2024",2024,PG-13,162 min,Drama,Sample description for Netflix title 535.
s536,Movie,Netflix Title 536,Sara Wilson,"Actor H, Actor I",Australia,"June 8, 2019",2019,TV-14,88 min,Drama,Sample description for Netflix title 536.
s537,TV Show,Netflix Title 537,Sara Wilson,Actor E,United Kingdom,"May 16, 2019",2019,R,6 Seasons,Horror,Sample description for Netflix title 537.
s538,TV Show,Netflix Title 538,Sara Wilson,"Actor H, Actor I",India,"December 21, 2017",2017,G,6 Seasons,Comedy,Sample description for Netflix title 538.
s539,TV Show,Netflix Title 539,Sara Wilson,"Actor A, Actor B",Brazil,"November 24, 2013",2013,PG-13,6 Seasons,Kids' TV,Sample description for Netflix title 539.
s540,Movie,Netflix Title 540,Alex Lee,"Actor C, Actor D",Spain,"January 13, 2017",2017,PG,169 min,Documentaries,Sample description for Netflix title 540.
s541,TV Show,Netflix Title 541,Sara Wilson,"Actor A, Actor B",Japan,"January 21, 2017",2017,TV-PG,10 Seasons,Documentaries,Sample description for Netflix title 541.
s542,TV Show,Netflix Title 542,Emily Brown,"Actor C, Actor D",Spain,"February 9, 2019",2019,TV-14,6 Seasons,Comedy,Sample description for Netflix title 542.
s543,TV Show,Netflix Title 543,John Smith,"Actor A, Actor B",France,"January 23, 2025",2025,PG-13,8 Seasons,Horror,Sample description for Netflix title 543.
s544,Movie,Netflix Title 544,David Kim,"Actor A, Actor B",United Kingdom,"March 13, 2019",2019,R,69 min,Kids' TV,Sample description for Netflix title 544.
s545,Movie,Netflix Title 545,David Kim,"Actor A, Actor B",Mexico,"December 11, 2017",2017,R,79 min,Crime TV Shows,Sample description for Netflix title 545.
s546,Movie,Netflix Title 546,David Kim,"Actor C, Actor D",Australia,"November 5, 2020",2020,PG,101 min,Comedy,Sample description for Netflix title 546.
s547,Movie,Netflix Title 547,Jane Doe,"Actor F, Actor G",United Kingdom,"February 7, 2023",2023,R,88 min,Sci-Fi,Sample description for Netflix title 547.
s548,TV Show,Netflix Title 548,Jane Doe,"Actor F, Actor G",India,"July 28, 2019",2019,G,3 Seasons,Comedy,Sample description for Netflix title 548.
s549,TV Show,Netflix Title 549,Emily Brown,"Actor A, Actor B",Australia,"September 24, 2011",2011,TV-14,8 Seasons,Romantic Movies,Sample description for Netflix title 549.
s550,TV Show,Netflix Title 550,Sara Wilson,"Actor C, Actor D",Spain,"November 2, 2016",2016,TV-MA,9 Seasons,Documentaries,Sample description for Netflix title 550.
s551,Movie,Netflix Title 551,Raj Kumar,"Actor H, Actor I",United Kingdom,"March 28, 2015",2015,PG,174 min,Action & Adventure,Sample description for Netflix title 551.
s552,Movie,Netflix Title 552,Raj Kumar,"Actor F, Actor G",Mexico,"June 2, 2011",2011,G,106 min,Documentaries,Sample description for Netflix title 552.
s553,TV Show,Netflix Title 553,John Smith,"Actor H, Actor I",Brazil,"November 11, 2023",2023,G,10 Seasons,Action & Adventure,Sample description for Netflix title 553.
s554,Movie,Netflix Title 554,Alex Lee,"Actor C, Actor D",Canada,"January 5, 2010",2010,TV-MA,100 min,Romantic Movies,Sample description for Netflix title 554.
s555,Movie,Netflix Title 555,Alex Lee,"Actor A, Actor B",France,"October 10, 2018",2018,PG,67 min,Kids' TV,Sample description for Netflix title 555.
s556,TV Show,Netflix Title 556,David Kim,"Actor A, Actor B",Brazil,"July 6, 2019",2019,TV-PG,4 Seasons,Thrillers,Sample description for Netflix title 556.
s557,TV Show,Netflix Title 557,Alex Lee,"Actor F, Actor G",France,"October 8, 2015",2015,TV-14,2 Seasons,Documentaries,Sample description for Netflix title 557.
s558,Movie,Netflix Title 558,Alex Lee,"Actor C, Actor D",Mexico,"December 5, 2019",2019,R,168 min,Thrillers,Sample description for Netflix title 558.
s559,Movie,Netflix Title 559,Sara Wilson,"Actor H, Actor I",France,"April 12, 2019",2019,R,92 min,Documentaries,Sample description for Netflix title 559.
s560,Movie,Netflix Title 560,Alex Lee,"Actor C, Actor D",South Korea,"January 1, 2014",2014,G,151 min,Romantic Movies,Sample description for Netflix title 560.
s561,TV Show,Netflix Title 561,John Smith,"Actor F, Actor G",India,"August 17, 2010",2010,R,9 Seasons,Thrillers,Sample description for Netflix title 561.
s562,Movie,Netflix Title 562,Sara Wilson,Actor E,Brazil,"March 13, 2024",2024,TV-14,122 min,Crime TV Shows,Sample description for Netflix title 562.
s563,Movie,Netflix Title 563,Alex Lee,Actor E,Japan,"April 11, 2011",2011,PG,175 min,Thrillers,Sample description for Netflix title 563.
s564,Movie,Netflix Title 564,Alex Lee,"Actor F, Actor G",Brazil,"July 19, 2021",2021,G,88 min,Romantic Movies,Sample description for Netflix title 564.
s565,Movie,Netflix Title 565,John Smith,Actor E,United Kingdom,"May 14, 2021",2021,TV-PG,103 min,Action & Adventure,Sample description for Netflix title 565.
s566,Movie,Netflix Title 566,David Kim,"Actor C, Actor D",France,"October 12, 2012",2012,TV-14,89 min,Kids' TV,Sample description for Netflix title 566.
s567,Movie,Netflix Title 567,Raj Kumar,"Actor H, Actor I",Canada,"September 19, 2021",2021,TV-14,167 min,Thrillers,Sample description for Netflix title 567.
s568,Movie,Netflix Title 568,David Kim,Actor E,Spain,"June 25, 2018",2018,TV-14,103 min,Comedy,Sample description for Netflix title 568.
s569,TV Show,Netflix Title 569,Emily Brown,"Actor F, Actor G",Spain,"July 4, 2014",2014,R,5 Seasons,Horror,Sample description for Netflix title 569.
s570,Movie,Netflix Title 570,Sara Wilson,"Actor C, Actor D",Australia,"May 5, 2022",2022,R,162 min,Sci-Fi,Sample description for Netflix title 570.
s571,Movie,Netflix Title 571,David Kim,"Actor F, Actor G",France,"June 23, 2009",2009,PG-13,109 min,Horror,Sample description for Netflix title 571.
s572,TV Show,Netflix Title 572,John Smith,"Actor A, Actor B",Germany,"August 28, 2025",2025,PG,3 Seasons,Comedy,Sample description for Netflix title 572.
s573,TV Show,Netflix Title 573,John Smith,"Actor H, Actor I",Germany,"July 26, 2010",2010,PG,1 Seasons,Documentaries,Sample description for Netflix title 573.
s574,Movie,Netflix Title 574,Sara Wilson,Actor E,Spain,"May 13, 2014",2014,PG,118 min,Action & Adventure,Sample description for Netflix title 574.
s575,Movie,Netflix Title 575,David Kim,"Actor F, Actor G",India,"May 10, 2024",2024,PG-13,139 min,Crime TV Shows,Sample description for Netflix title 575.
s576,Movie,Netflix Title 576,John Smith,Actor E,United Kingdom,"December 10, 2020",2020,PG,120 min,Thrillers,Sample description for Netflix title 576.
s577,TV Show,Netflix Title 577,David Kim,"Actor F, Actor G",France,"October 18, 2011",2011,TV-MA,8 Seasons,Kids' TV,Sample description for Netflix title 577.
s578,Movie,Netflix Title 578,Emily Brown,Actor E,India,"January 13, 2009",2009,TV-14,90 min,Drama,Sample description for Netflix title 578.
s579,TV Show,Netflix Title 579,Raj Kumar,"Actor C, Actor D",Canada,"April 6, 2014",2014,R,2 Seasons,Horror,Sample description for Netflix title 579.
s580,TV Show,Netflix Title 580,John Smith,Actor E,United States,"July 1, 2016",2016,R,2 Seasons,Action & Adventure,Sample description for Netflix title 580.
s581,Movie,Netflix Title 581,David Kim,"Actor C, Actor D",Canada,"May 15, 2025",2025,TV-14,117 min,Thrillers,Sample description for Netflix title 581.
s582,TV Show,Netflix Title 582,Jane Doe,"Actor F, Actor G",Spain,"November 1, 2025",2025,TV-PG,1 Seasons,Crime TV Shows,Sample description for Netflix title 582.
s583,Movie,Netflix Title 583,John Smith,"Actor H, Actor I",Mexico,"November 17, 2025",2025,TV-PG,119 min,Drama,Sample description for Netflix title 583.
s584,TV Show,Netflix Title 584,Emily Brown,"Actor C, Actor D",India,"June 19, 2023",2023,R,8 Seasons,Crime TV Shows,Sample description for Netflix title 584.
s585,Movie,Netflix Title 585,Emily Brown,Actor E,Canada,"July 15, 2017",2017,R,104 min,Documentaries,Sample description for Netflix title 585.
s586,Movie,Netflix Title 586,David Kim,"Actor H, Actor I",Australia,"February 7, 2019",2019,TV-MA,118 min,Kids' TV,Sample description for Netflix title 586.
s587,Movie,Netflix Title 587,Raj Kumar,"Actor H, Actor I",Brazil,"May 15, 2016",2016,G,91 min,Crime TV Shows,Sample description for Netflix title 587.
s588,Movie,Netflix Title 588,Raj Kumar,"Actor A, Actor B",Brazil,"August 1, 2019",2019,TV-PG,136 min,Thrillers,Sample description for Netflix title 588.
s589,TV Show,Netflix Title 589,Sara Wilson,Actor E,Canada,"June 16, 2018",2018,PG-13,9 Seasons,Drama,Sample description for Netflix title 589.
s590,Movie,Netflix Title 590,Sara Wilson,Actor E,Canada,"October 13, 2013",2013,TV-PG,128 min,Documentaries,Sample description for Netflix title 590.
s591,Movie,Netflix Title 591,Emily Brown,"Actor C, Actor D",Canada,"April 25, 2020",2020,TV-MA,150 min,Comedy,Sample description for Netflix title 591.
s592,TV Show,Netflix Title 592,Raj Kumar,"Actor A, Actor B",South Korea,"April 16, 2023",2023,PG,6 Seasons,Action & Adventure,Sample description for Netflix title 592.
s593,Movie,Netflix Title 593,Jane Doe,"Actor H, Actor I",Japan,"March 21, 2010",2010,PG,79 min,Sci-Fi,Sample description for Netflix title 593.
s594,Movie,Netflix Title 594,David Kim,"Actor A, Actor B",Spain,"May 17, 2021",2021,TV-MA,105 min,Crime TV Shows,Sample description for Netflix title 594.
s595,Movie,Netflix Title 595,Sara Wilson,"Actor C, Actor D",Germany,"September 8, 2020",2020,TV-MA,155 min,Crime TV Shows,Sample description for Netflix title 595.
s596,TV Show,Netflix Title 596,Alex Lee,"Actor H, Actor I",France,"August 11, 2009",2009,TV-MA,10 Seasons,Crime TV Shows,Sample description for Netflix title 596.
s597,TV Show,Netflix Title 597,Emily Brown,"Actor A, Actor B",Canada,"March 18, 2011",2011,PG,4 Seasons,Thrillers,Sample description for Netflix title 597.
s598,TV Show,Netflix Title 598,John Smith,"Actor H, Actor I",Spain,"September 15, 2011",2011,PG-13,5 Seasons,Crime TV Shows,Sample description for Netflix title 598.
s599,Movie,Netflix Title 599,David Kim,"Actor F, Actor G",Spain,"May 24, 2019",2019,R,145 min,Documentaries,Sample description for Netflix title 599.
s600,TV Show,Netflix Title 600,Jane Doe,"Actor H, Actor I",France,"January 12, 2010",2010,TV-PG,4 Seasons,Comedy,Sample description for Netflix title 600.
s601,TV Show,Netflix Title 601,Alex Lee,Actor E,South Korea,"April 25, 2022",2022,TV-14,7 Seasons,Horror,Sample description for Netflix title 601.
s602,TV Show,Netflix Title 602,David Kim,"Actor A, Actor B",Spain,"May 5, 2015",2015,PG-13,5 Seasons,Romantic Movies,Sample description for Netflix title 602.
s603,Movie,Netflix Title 603,Sara Wilson,"Actor C, Actor D",India,"March 3, 2010",2010,R,156 min,Comedy,Sample description for Netflix title 603.
s604,TV Show,Netflix Title 604,Sara Wilson,"Actor F, Actor G",Australia,"May 13, 2017",2017,PG-13,7 Seasons,Drama,Sample description for Netflix title 604.
s605,Movie,Netflix Title 605,Jane Doe,"Actor H, Actor I",India,"November 17, 2016",2016,TV-14,75 min,Sci-Fi,Sample description for Netflix title 605.
s606,TV Show,Netflix Title 606,Jane Doe,"Actor A, Actor B",Spain,"May 21, 2020",2020,R,8 Seasons,Kids' TV,Sample description for Netflix title 606.
s607,Movie,Netflix Title 607,John Smith,Actor E,Brazil,"December 8, 2018",2018,G,102 min,Sci-Fi,Sample description for Netflix title 607.
s608,TV Show,Netflix Title 608,David Kim,"Actor H, Actor I",United States,"May 1, 2010",2010,PG-13,6 Seasons,Horror,Sample description for Netflix title 608.
s609,TV Show,Netflix Title 609,Jane Doe,Actor E,Australia,"January 7, 2025",2025,TV-14,3 Seasons,Romantic Movies,Sample description for Netflix title 609.
s610,Movie,Netflix Title 610,John Smith,"Actor F, Actor G",United Kingdom,"June 5, 2025",2025,TV-14,102 min,Crime TV Shows,Sample description for Netflix title 610.
s611,TV Show,Netflix Title 611,Sara Wilson,"Actor A, Actor B",Spain,"February 5, 2016",2016,R,3 Seasons,Sci-Fi,Sample description for Netflix title 611.
s612,TV Show,Netflix Title 612,Sara Wilson,"Actor C, Actor D",Canada,"November 3, 2008",2008,G,9 Seasons,Action & Adventure,Sample description for Netflix title 612.
s613,Movie,Netflix Title 613,Jane Doe,"Actor C, Actor D",France,"December 8, 2008",2008,G,69 min,Drama,Sample description for Netflix title 613.
s614,Movie,Netflix Title 614,Emily Brown,"Actor C, Actor D",Mexico,"January 2, 2025",2025,TV-MA,171 min,Documentaries,Sample description for Netflix title 614.
s615,Movie,Netflix Title 615,John Smith,"Actor A, Actor B",Germany,"March 12, 2013",2013,TV-14,154 min,Action & Adventure,Sample description for Netflix title 615.
s616,Movie,Netflix Title 616,Alex Lee,"Actor C, Actor D",Japan,"December 6, 2024",2024,TV-PG,83 min,Comedy,Sample description for Netflix title 616.
s617,TV Show,Netflix Title 617,David Kim,"Actor F, Actor G",Spain,"June 19, 2020",2020,PG-13,4 Seasons,Sci-Fi,Sample description for Netflix title 617.
s618,Movie,Netflix Title 618,Raj Kumar,"Actor A, Actor B",Spain,"November 28, 2008",2008,TV-14,171 min,Action & Adventure,Sample description for Netflix title 618.
s619,TV Show,Netflix Title 619,Alex Lee,"Actor H, Actor I",United States,"October 8, 2013",2013,G,4 Seasons,Thrillers,Sample description for Netflix title 619.
s620,TV Show,Netflix Title 620,Jane Doe,"Actor F, Actor G",Mexico,"January 13, 2012",2012,TV-MA,10 Seasons,Sci-Fi,Sample description for Netflix title 620.
s621,Movie,Netflix Title 621,Alex Lee,"Actor C, Actor D",United States,"September 16, 2023",2023,R,84 min,Kids' TV,Sample description for Netflix title 621.
s622,Movie,Netflix Title 622,David Kim,"Actor H, Actor I",Brazil,"August 1, 2015",2015,PG-13,173 min,Action & Adventure,Sample description for Netflix title 622.
s623,Movie,Netflix Title 623,Raj Kumar,"Actor C, Actor D",Australia,"December 9, 2010",2010,G,125 min,Comedy,Sample description for Netflix title 623.
s624,Movie,Netflix Title 624,Alex Lee,"Actor F, Actor G",Germany,"February 17, 2010",2010,TV-MA,95 min,Comedy,Sample description for Netflix title 624.
s625,TV Show,Netflix Title 625,Emily Brown,"Actor F, Actor G",United Kingdom,"January 14, 2008",2008,PG-13,1 Seasons,Documentaries,Sample description for Netflix title 625.
s626,Movie,Netflix Title 626,Emily Brown,Actor E,Spain,"October 16, 2008",2008,PG,123 min,Sci-Fi,Sample description for Netflix title 626.
s627,Movie,Netflix Title 627,John Smith,"Actor A, Actor B",United Kingdom,"March 6, 2023",2023,PG,113 min,Action & Adventure,Sample description for Netflix title 627.
s628,TV Show,Netflix Title 628,David Kim,Actor E,South Korea,"February 12, 2011",2011,G,2 Seasons,Drama,Sample description for Netflix title 628.
s629,TV Show,Netflix Title 629,Raj Kumar,Actor E,India,"January 17, 2025",2025,TV-PG,10 Seasons,Drama,Sample description for Netflix title 629.
s630,TV Show,Netflix Title 630,Raj Kumar,"Actor H, Actor I",Mexico,"January 27, 2010",2010,TV-MA,3 Seasons,Crime TV Shows,Sample description for Netflix title 630.
s631,Movie,Netflix Title 631,Emily Brown,"Actor H, Actor I",Canada,"February 12, 2024",2024,R,156 min,Sci-Fi,Sample description for Netflix title 631.
s632,TV Show,Netflix Title 632,David Kim,"Actor F, Actor G",France,"December 15, 2017",2017,TV-MA,5 Seasons,Crime TV Shows,Sample description for Netflix title 632.
s633,TV Show,Netflix Title 633,David Kim,"Actor C, Actor D",Brazil,"April 20, 2021",2021,TV-14,10 Seasons,Crime TV Shows,Sample description for Netflix title 633.
s634,Movie,Netflix Title 634,Sara Wilson,Actor E,Spain,"February 28, 2009",2009,TV-PG,100 min,Thrillers,Sample description for Netflix title 634.
s635,TV Show,Netflix Title 635,Sara Wilson,"Actor C, Actor D",United Kingdom,"May 8, 2016",2016,PG,5 Seasons,Action & Adventure,Sample description for Netflix title 635.
s636,Movie,Netflix Title 636,Alex Lee,"Actor A, Actor B",Canada,"October 28, 2024",2024,TV-PG,127 min,Sci-Fi,Sample description for Netflix title 636.
s637,Movie,Netflix Title 637,Alex Lee,Actor E,Spain,"February 28, 2019",2019,TV-PG,127 min,Drama,Sample description for Netflix title 637.
s638,Movie,Netflix Title 638,Raj Kumar,"Actor A, Actor B",Canada,"May 28, 2021",2021,PG-13,151 min,Action & Adventure,Sample description for Netflix title 638.
s639,Movie,Netflix Title 639,Raj Kumar,"Actor H, Actor I",Brazil,"July 18, 2023",2023,PG-13,157 min,Drama,Sample description for Netflix title 639.
s640,TV Show,Netflix Title 640,Alex Lee,"Actor C, Actor D",Germany,"February 14, 2010",2010,G,10 Seasons,Action & Adventure,Sample description for Netflix title 640.
s641,Movie,Netflix Title 641,John Smith,"Actor H, Actor I",Mexico,"November 27, 2018",2018,TV-PG,109 min,Thrillers,Sample description for Netflix title 641.
s642,TV Show,Netflix Title 642,Raj Kumar,"Actor A, Actor B",Australia,"July 16, 2015",2015,TV-PG,2 Seasons,Comedy,Sample description for Netflix title 642.
s643,TV Show,Netflix Title 643,Raj Kumar,"Actor A, Actor B",France,"August 10, 2013",2013,TV-MA,4 Seasons,Horror,Sample description for Netflix title 643.
s644,TV Show,Netflix Title 644,Sara Wilson,"Actor H, Actor I",Mexico,"September 1, 2024",2024,PG-13,10 Seasons,Drama,Sample description for Netflix title 644.
s645,Movie,Netflix Title 645,Sara Wilson,"Actor F, Actor G",Spain,"June 25, 2021",2021,G,108 min,Horror,Sample description for Netflix title 645.
s646,Movie,Netflix Title 646,Alex Lee,Actor E,Spain,"July 21, 2009",2009,TV-14,103 min,Drama,Sample description for Netflix title 646.
s647,Movie,Netflix Title 647,Jane Doe,"Actor C, Actor D",United States,"November 25, 2021",2021,R,127 min,Sci-Fi,Sample description for Netflix title 647.
s648,Movie,Netflix Title 648,John Smith,"Actor A, Actor B",Canada,"January 11, 2023",2023,PG,171 min,Drama,Sample description for Netflix title 648.
s649,TV Show,Netflix Title 649,Jane Doe,"Actor A, Actor B",United States,"November 3, 2016",2016,R,4 Seasons,Crime TV Shows,Sample description for Netflix title 649.
s650,TV Show,Netflix Title 650,Raj Kumar,"Actor A, Actor B",United Kingdom,"November 13, 2022",2022,PG-13,3 Seasons,Sci-Fi,Sample description for Netflix title 650.
s651,Movie,Netflix Title 651,Jane Doe,"Actor A, Actor B",India,"May 14, 2013",2013,R,166 min,Thrillers,Sample description for Netflix title 651.
s652,Movie,Netflix Title 652,Jane Doe,"Actor F, Actor G",France,"May 24, 2021",2021,TV-PG,128 min,Drama,Sample description for Netflix title 652.
s653,Movie,Netflix Title 653,Sara Wilson,"Actor F, Actor G",Canada,"January 25, 2022",2022,PG-13,107 min,Kids' TV,Sample description for Netflix title 653.
s654,Movie,Netflix Title 654,David Kim,"Actor F, Actor G",Spain,"July 20, 2024",2024,PG,135 min,Horror,Sample description for Netflix title 654.
s655,Movie,Netflix Title 655,Alex Lee,"Actor C, Actor D",Canada,"November 4, 2023",2023,PG,174 min,Kids' TV,Sample description for Netflix title 655.
s656,TV Show,Netflix Title 656,David Kim,"Actor F, Actor G",Germany,"July 17, 2012",2012,G,7 Seasons,Crime TV Shows,Sample description for Netflix title 656.
s657,TV Show,Netflix Title 657,Emily Brown,"Actor F, Actor G",South Korea,"December 12, 2011",2011,PG-13,9 Seasons,Sci-Fi,Sample description for Netflix title 657.
s658,Movie,Netflix Title 658,Raj Kumar,"Actor F, Actor G",Australia,"October 20, 2010",2010,G,82 min,Drama,Sample description for Netflix title 658.
s659,TV Show,Netflix Title 659,Jane Doe,"Actor H, Actor I",Japan,"March 28, 2019",2019,PG,1 Seasons,Action & Adventure,Sample description for Netflix title 659.
s660,Movie,Netflix Title 660,Jane Doe,Actor E,United Kingdom,"January 16, 2019",2019,TV-MA,71 min,Action & Adventure,Sample description for Netflix title 660.
s661,TV Show,Netflix Title 661,David Kim,Actor E,United States,"September 27, 2009",2009,TV-PG,6 Seasons,Horror,Sample description for Netflix title 661.
s662,TV Show,Netflix Title 662,Emily Brown,"Actor A, Actor B",United States,"September 26, 2011",2011,R,1 Seasons,Kids' TV,Sample description for Netflix title 662.
s663,TV Show,Netflix Title 663,Alex Lee,"Actor A, Actor B",Japan,"June 19, 2012",2012,R,9 Seasons,Kids' TV,Sample description for Netflix title 663.
s664,Movie,Netflix Title 664,Sara Wilson,"Actor F, Actor G",Australia,"September 16, 2019",2019,R,78 min,Kids' TV,Sample description for Netflix title 664.
s665,TV Show,Netflix Title 665,Jane Doe,Actor E,Germany,"August 28, 2013",2013,R,1 Seasons,Kids' TV,Sample description for Netflix title 665.
s666,TV Show,Netflix Title 666,John Smith,"Actor H, Actor I",Spain,"July 9, 2015",2015,R,8 Seasons,Thrillers,Sample description for Netflix title 666.
s667,TV Show,Netflix Title 667,John Smith,"Actor C, Actor D",Canada,"November 19, 2015",2015,R,8 Seasons,Thrillers,Sample description for Netflix title 667.
s668,TV Show,Netflix Title 668,Emily Brown,"Actor C, Actor D",Australia,"June 20, 2009",2009,PG-13,5 Seasons,Documentaries,Sample description for Netflix title 668.
s669,TV Show,Netflix Title 669,Emily Brown,"Actor H, Actor I",Spain,"May 13, 2022",2022,G,6 Seasons,Sci-Fi,Sample description for Netflix title 669.
s670,Movie,Netflix Title 670,John Smith,"Actor C, Actor D",France,"September 24, 2010",2010,PG,78 min,Thrillers,Sample description for Netflix title 670.
s671,TV Show,Netflix Title 671,Alex Lee,"Actor H, Actor I",Mexico,"April 8, 2012",2012,TV-MA,4 Seasons,Thrillers,Sample description for Netflix title 671.
s672,Movie,Netflix Title 672,Jane Doe,Actor E,India,"August 24, 2020",2020,TV-PG,107 min,Horror,Sample description for Netflix title 672.
s673,TV Show,Netflix Title 673,Jane Doe,"Actor F, Actor G",Japan,"March 22, 2014",2014,TV-14,3 Seasons,Documentaries,Sample description for Netflix title 673.
s674,Movie,Netflix Title 674,David Kim,"Actor C, Actor D",Germany,"September 22, 2008",2008,TV-14,102 min,Drama,Sample description for Netflix title 674.
s675,Movie,Netflix Title 675,David Kim,"Actor H, Actor I",Brazil,"October 21, 2025",2025,PG-13,153 min,Crime TV Shows,Sample description for Netflix title 675.
s676,Movie,Netflix Title 676,David Kim,"Actor H, Actor I",France,"May 19, 2011",2011,R,134 min,Comedy,Sample description for Netflix title 676.
s677,TV Show,Netflix Title 677,John Smith,"Actor F, Actor G",Canada,"February 21, 2011",2011,TV-14,10 Seasons,Drama,Sample description for Netflix title 677.
s678,Movie,Netflix Title 678,Alex Lee,"Actor F, Actor G",Germany,"October 13, 2019",2019,TV-PG,112 min,Documentaries,Sample description for Netflix title 678.
s679,TV Show,Netflix Title 679,Sara Wilson,"Actor A, Actor B",Spain,"August 10, 2011",2011,TV-14,8 Seasons,Kids' TV,Sample description for Netflix title 679.
s680,TV Show,Netflix Title 680,Jane Doe,"Actor A, Actor B",Mexico,"December 2, 2017",2017,R,2 Seasons,Crime TV Shows,Sample description for Netflix title 680.
s681,Movie,Netflix Title 681,Raj Kumar,Actor E,Mexico,"September 27, 2023",2023,PG,160 min,Action & Adventure,Sample description for Netflix title 681.
s682,TV Show,Netflix Title 682,Alex Lee,Actor E,United States,"July 15, 2012",2012,TV-14,1 Seasons,Action & Adventure,Sample description for Netflix title 682.
s683,Movie,Netflix Title 683,David Kim,Actor E,Germany,"June 1, 2020",2020,PG,143 min,Horror,Sample description for Netflix title 683.
s684,TV Show,Netflix Title 684,John Smith,"Actor H, Actor I",Mexico,"October 11, 2024",2024,TV-14,8 Seasons,Action & Adventure,Sample description for Netflix title 684.
s685,TV Show,Netflix Title 685,David Kim,Actor E,Canada,"December 27, 2008",2008,TV-MA,6 Seasons,Thrillers,Sample description for Netflix title 685.
s686,Movie,Netflix Title 686,David Kim,"Actor H, Actor I",Germany,"November 7, 2017",2017,TV-MA,145 min,Kids' TV,Sample description for Netflix title 686.
s687,TV Show,Netflix Title 687,Emily Brown,"Actor H, Actor I",Canada,"November 11, 2022",2022,TV-MA,8 Seasons,Documentaries,Sample description for Netflix title 687.
s688,TV Show,Netflix Title 688,David Kim,"Actor H, Actor I",Australia,"April 25, 2008",2008,TV-14,4 Seasons,Romantic Movies,Sample description for Netflix title 688.
s689,TV Show,Netflix Title 689,Sara Wilson,"Actor A, Actor B",Brazil,"June 22, 2010",2010,TV-14,10 Seasons,Kids' TV,Sample description for Netflix title 689.
s690,Movie,Netflix Title 690,John Smith,"Actor A, Actor B",Canada,"April 22, 2012",2012,TV-14,165 min,Kids' TV,Sample description for Netflix title 690.
s691,TV Show,Netflix Title 691,David Kim,"Actor A, Actor B",United Kingdom,"September 13, 2009",2009,TV-MA,4 Seasons,Romantic Movies,Sample description for Netflix title 691.
s692,TV Show,Netflix Title 692,Raj Kumar,"Actor A, Actor B",Japan,"July 18, 2017",2017,PG,9 Seasons,Documentaries,Sample description for Netflix title 692.
s693,Movie,Netflix Title 693,Emily Brown,"Actor A, Actor B",Brazil,"December 4, 2011",2011,TV-14,112 min,Horror,Sample description for Netflix title 693.
s694,Movie,Netflix Title 694,Alex Lee,"Actor C, Actor D",South Korea,"September 13, 2023",2023,TV-14,61 min,Kids' TV,Sample description for Netflix title 694.
s695,Movie,Netflix Title 695,Alex Lee,"Actor F, Actor G",Japan,"November 16, 2018",2018,G,139 min,Action & Adventure,Sample description for Netflix title 695.
s696,TV Show,Netflix Title 696,Alex Lee,"Actor A, Actor B",France,"September 6, 2023",2023,G,6 Seasons,Kids' TV,Sample description for Netflix title 696.
s697,TV Show,Netflix Title 697,Raj Kumar,"Actor F, Actor G",Mexico,"October 15, 2014",2014,G,4 Seasons,Crime TV Shows,Sample description for Netflix title 697.
s698,Movie,Netflix Title 698,Alex Lee,"Actor C, Actor D",Japan,"August 13, 2020",2020,PG-13,63 min,Documentaries,Sample description for Netflix title 698.
s699,TV Show,Netflix Title 699,Emily Brown,"Actor C, Actor D",United States,"March 10, 2021",2021,PG,8 Seasons,Romantic Movies,Sample description for Netflix title 699.
s700,TV Show,Netflix Title 700,Emily Brown,"Actor C, Actor D",India,"February 22, 2018",2018,PG-13,10 Seasons,Romantic Movies,Sample description for Netflix title 700.
s701,TV Show,Netflix Title 701,Emily Brown,"Actor H, Actor I",Australia,"December 9, 2021",2021,TV-PG,5 Seasons,Romantic Movies,Sample description for Netflix title 701.
s702,TV Show,Netflix Title 702,Emily Brown,"Actor C, Actor D",Mexico,"September 4, 2025",2025,TV-PG,8 Seasons,Documentaries,Sample description for Netflix title 702.
s703,Movie,Netflix Title 703,Sara Wilson,"Actor C, Actor D",Brazil,"March 8, 2023",2023,TV-PG,71 min,Kids' TV,Sample description for Netflix title 703.
s704,TV Show,Netflix Title 704,Emily Brown,"Actor H, Actor I",Germany,"October 3, 2008",2008,R,6 Seasons,Romantic Movies,Sample description for Netflix title 704.
s705,TV Show,Netflix Title 705,Jane Doe,"Actor A, Actor B",Mexico,"April 18, 2008",2008,PG-13,8 Seasons,Crime TV Shows,Sample description for Netflix title 705.
s706,Movie,Netflix Title 706,Sara Wilson,"Actor H, Actor I",United States,"August 22, 2008",2008,PG-13,122 min,Romantic Movies,Sample description for Netflix title 706.
s707,TV Show,Netflix Title 707,Raj Kumar,"Actor H, Actor I",Canada,"March 14, 2011",2011,R,3 Seasons,Sci-Fi,Sample description for Netflix title 707.
s708,TV Show,Netflix Title 708,Emily Brown,"Actor C, Actor D",Spain,"March 15, 2009",2009,PG,8 Seasons,Horror,Sample description for Netflix title 708.
s709,Movie,Netflix Title 709,Jane Doe,Actor E,United Kingdom,"February 3, 2016",2016,PG-13,137 min,Drama,Sample description for Netflix title 709.
s710,Movie,Netflix Title 710,John Smith,"Actor H, Actor I",Mexico,"July 20, 2009",2009,G,108 min,Kids' TV,Sample description for Netflix title 710.
s711,Movie,Netflix Title 711,Emily Brown,"Actor C, Actor D",Germany,"June 21, 2025",2025,R,173 min,Sci-Fi,Sample description for Netflix title 711.
s712,Movie,Netflix Title 712,Jane Doe,"Actor C, Actor D",Australia,"December 18, 2019",2019,PG,167 min,Action & Adventure,Sample description for Netflix title 712.
s713,TV Show,Netflix Title 713,Emily Brown,"Actor H, Actor I",Japan,"July 11, 2022",2022,TV-PG,8 Seasons,Drama,Sample description for Netflix title 713.
s714,Movie,Netflix Title 714,Alex Lee,"Actor A, Actor B",Canada,"February 7, 2024",2024,TV-14,110 min,Documentaries,Sample description for Netflix title 714.
s715,Movie,Netflix Title 715,David Kim,"Actor F, Actor G",South Korea,"August 15, 2013",2013,G,117 min,Crime TV Shows,Sample description for Netflix title 715.
s716,TV Show,Netflix Title 716,David Kim,Actor E,India,"February 19, 2024",2024,G,6 Seasons,Thrillers,Sample description for Netflix title 716.
s717,Movie,Netflix Title 717,Alex Lee,"Actor F, Actor G",Australia,"December 24, 2020",2020,R,158 min,Action & Adventure,Sample description for Netflix title 717.
s718,Movie,Netflix Title 718,Sara Wilson,"Actor A, Actor B",Mexico,"October 18, 2010",2010,TV-MA,92 min,Comedy,Sample description for Netflix title 718.
s719,TV Show,Netflix Title 719,Alex Lee,Actor E,South Korea,"May 23, 2016",2016,TV-14,8 Seasons,Horror,Sample description for Netflix title 719.
s720,TV Show,Netflix Title 720,Raj Kumar,"Actor H, Actor I",Germany,"January 16, 2011",2011,TV-PG,4 Seasons,Action & Adventure,Sample description for Netflix title 720.
s721,Movie,Netflix Title 721,Emily Brown,"Actor A, Actor B",United Kingdom,"February 25, 2023",2023,R,103 min,Documentaries,Sample description for Netflix title 721.
s722,Movie,Netflix Title 722,John Smith,"Actor H, Actor I",Australia,"October 3, 2008",2008,G,86 min,Documentaries,Sample description for Netflix title 722.
s723,Movie,Netflix Title 723,Jane Doe,"Actor H, Actor I",Australia,"June 16, 2008",2008,PG,83 min,Horror,Sample description for Netflix title 723.
s724,TV Show,Netflix Title 724,John Smith,Actor E,Australia,"June 24, 2024",2024,G,2 Seasons,Crime TV Shows,Sample description for Netflix title 724.
s725,TV Show,Netflix Title 725,John Smith,Actor E,France,"September 25, 2025",2025,PG-13,4 Seasons,Comedy,Sample description for Netflix title 725.
s726,TV Show,Netflix Title 726,Alex Lee,"Actor A, Actor B",France,"August 3, 2008",2008,PG-13,3 Seasons,Thrillers,Sample description for Netflix title 726.
s727,TV Show,Netflix Title 727,John Smith,"Actor C, Actor D",Brazil,"December 8, 2008",2008,PG-13,2 Seasons,Comedy,Sample description for Netflix title 727.
s728,Movie,Netflix Title 728,Jane Doe,"Actor A, Actor B",Japan,"January 7, 2008",2008,TV-MA,65 min,Documentaries,Sample description for Netflix title 728.
s729,TV Show,Netflix Title 729,Emily Brown,Actor E,India,"March 15, 2013",2013,TV-MA,2 Seasons,Thrillers,Sample description for Netflix title 729.
s730,TV Show,Netflix Title 730,Jane Doe,"Actor H, Actor I",France,"February 27, 2008",2008,TV-PG,4 Seasons,Horror,Sample description for Netflix title 730.
s731,TV Show,Netflix Title 731,Raj Kumar,"Actor C, Actor D",Brazil,"February 18, 2023",2023,TV-14,4 Seasons,Documentaries,Sample description for Netflix title 731.
s732,TV Show,Netflix Title 732,Jane Doe,"Actor C, Actor D",France,"June 22, 2015",2015,TV-MA,3 Seasons,Thrillers,Sample description for Netflix title 732.
s733,Movie,Netflix Title 733,John Smith,"Actor F, Actor G",Canada,"April 23, 2010",2010,PG,66 min,Comedy,Sample description for Netflix title 733.
s734,Movie,Netflix Title 734,Raj Kumar,"Actor A, Actor B",France,"April 22, 2010",2010,G,165 min,Documentaries,Sample description for Netflix title 734.
s735,Movie,Netflix Title 735,Sara Wilson,"Actor H, Actor I",Japan,"July 4, 2021",2021,TV-14,166 min,Sci-Fi,Sample description for Netflix title 735.
s736,Movie,Netflix Title 736,Jane Doe,"Actor A, Actor B",France,"December 8, 2025",2025,TV-MA,85 min,Sci-Fi,Sample description for Netflix title 736.
s737,TV Show,Netflix Title 737,David Kim,"Actor H, Actor I",Japan,"October 12, 2010",2010,G,2 Seasons,Sci-Fi,Sample description for Netflix title 737.
s738,Movie,Netflix Title 738,Alex Lee,Actor E,Germany,"July 4, 2011",2011,TV-14,83 min,Sci-Fi,Sample description for Netflix title 738.
s739,TV Show,Netflix Title 739,Alex Lee,"Actor A, Actor B",United Kingdom,"June 14, 2024",2024,R,9 Seasons,Drama,Sample description for Netflix title 739.
s740,Movie,Netflix Title 740,Jane Doe,"Actor F, Actor G",Brazil,"August 3, 2008",2008,PG,82 min,Sci-Fi,Sample description for Netflix title 740.
s741,TV Show,Netflix Title 741,David Kim,"Actor F, Actor G",Mexico,"September 20, 2022",2022,TV-14,5 Seasons,Horror,Sample description for Netflix title 741.
s742,TV Show,Netflix Title 742,John Smith,Actor E,Canada,"September 16, 2017",2017,TV-14,7 Seasons,Kids' TV,Sample description for Netflix title 742.
s743,Movie,Netflix Title 743,John Smith,"Actor C, Actor D",Brazil,"February 8, 2016",2016,PG,149 min,Romantic Movies,Sample description for Netflix title 743.
s744,TV Show,Netflix Title 744,Jane Doe,"Actor C, Actor D",Germany,"June 14, 2012",2012,PG-13,5 Seasons,Romantic Movies,Sample description for Netflix title 744.
s745,TV Show,Netflix Title 745,Raj Kumar,"Actor H, Actor I",India,"May 25, 2008",2008,TV-14,10 Seasons,Kids' TV,Sample description for Netflix title 745.
s746,Movie,Netflix Title 746,Emily Brown,"Actor C, Actor D",Brazil,"June 16, 2021",2021,TV-PG,81 min,Comedy,Sample description for Netflix title 746.
s747,Movie,Netflix Title 747,Alex Lee,Actor E,Canada,"October 6, 2013",2013,TV-PG,78 min,Thrillers,Sample description for Netflix title 747.
s748,TV Show,Netflix Title 748,David Kim,"Actor F, Actor G",Brazil,"September 26, 2018",2018,G,7 Seasons,Documentaries,Sample description for Netflix title 748.
s749,TV Show,Netflix Title 749,John Smith,"Actor H, Actor I",Mexico,"September 8, 2009",2009,TV-MA,4 Seasons,Action & Adventure,Sample description for Netflix title 749.
s750,Movie,Netflix Title 750,Raj Kumar,"Actor C, Actor D",Canada,"September 6, 2016",2016,TV-MA,167 min,Romantic Movies,Sample description for Netflix title 750.
s751,Movie,Netflix Title 751,David Kim,"Actor A, Actor B",South Korea,"January 22, 2025",2025,PG,96 min,Documentaries,Sample description for Netflix title 751.
s752,TV Show,Netflix Title 752,Raj Kumar,"Actor F, Actor G",Germany,"June 11, 2016",2016,PG,7 Seasons,Drama,Sample description for Netflix title 752.
s753,Movie,Netflix Title 753,Raj Kumar,"Actor C, Actor D",India,"January 11, 2023",2023,PG,103 min,Action & Adventure,Sample description for Netflix title 753.
s754,TV Show,Netflix Title 754,Raj Kumar,Actor E,Germany,"October 26, 2019",2019,TV-14,9 Seasons,Action & Adventure,Sample description for Netflix title 754.
s755,Movie,Netflix Title 755,David Kim,"Actor H, Actor I",India,"August 6, 2016",2016,TV-14,89 min,Crime TV Shows,Sample description for Netflix title 755.
s756,Movie,Netflix Title 756,John Smith,"Actor A, Actor B",Mexico,"January 9, 2011",2011,TV-MA,118 min,Drama,Sample description for Netflix title 756.
s757,TV Show,Netflix Title 757,Jane Doe,"Actor C, Actor D",South Korea,"May 27, 2014",2014,TV-MA,3 Seasons,Crime TV Shows,Sample description for Netflix title 757.
s758,Movie,Netflix Title 758,David Kim,"Actor H, Actor I",India,"August 21, 2020",2020,TV-PG,140 min,Horror,Sample description for Netflix title 758.
s759,Movie,Netflix Title 759,Alex Lee,Actor E,France,"February 25, 2021",2021,TV-14,128 min,Crime TV Shows,Sample description for Netflix title 759.
s760,TV Show,Netflix Title 760,Raj Kumar,Actor E,Brazil,"October 19, 2012",2012,R,7 Seasons,Sci-Fi,Sample description for Netflix title 760.
s761,Movie,Netflix Title 761,Alex Lee,"Actor C, Actor D",Spain,"December 22, 2012",2012,PG,93 min,Romantic Movies,Sample description for Netflix title 761.
s762,Movie,Netflix Title 762,Jane Doe,Actor E,Germany,"August 8, 2012",2012,PG-13,177 min,Action & Adventure,Sample description for Netflix title 762.
s763,TV Show,Netflix Title 763,Emily Brown,"Actor C, Actor D",Australia,"November 3, 2015",2015,G,2 Seasons,Romantic Movies,Sample description for Netflix title 763.
s764,Movie,Netflix Title 764,Sara Wilson,"Actor F, Actor G",Japan,"January 3, 2010",2010,R,128 min,Sci-Fi,Sample description for Netflix title 764.
s765,TV Show,Netflix Title 765,Emily Brown,"Actor H, Actor I",Germany,"June 11, 2016",2016,TV-MA,1 Seasons,Romantic Movies,Sample description for Netflix title 765.
s766,TV Show,Netflix Title 766,Sara Wilson,"Actor F, Actor G",United States,"November 23, 2021",2021,TV-14,6 Seasons,Romantic Movies,Sample description for Netflix title 766.
s767,Movie,Netflix Title 767,Raj Kumar,Actor E,Canada,"January 17, 2025",2025,TV-MA,156 min,Action & Adventure,Sample description for Netflix title 767.
s768,Movie,Netflix Title 768,Raj Kumar,"Actor A, Actor B",India,"February 4, 2022",2022,PG-13,67 min,Comedy,Sample description for Netflix title 768.
s769,Movie,Netflix Title 769,Emily Brown,Actor E,France,"November 20, 2013",2013,TV-14,108 min,Sci-Fi,Sample description for Netflix title 769.
s770,Movie,Netflix Title 770,Alex Lee,"Actor C, Actor D",Brazil,"July 24, 2019",2019,R,178 min,Documentaries,Sample description for Netflix title 770.
s771,TV Show,Netflix Title 771,Emily Brown,"Actor F, Actor G",India,"August 23, 2016",2016,PG-13,4 Seasons,Horror,Sample description for Netflix title 771.
s772,TV Show,Netflix Title 772,Emily Brown,"Actor H, Actor I",Japan,"November 21, 2024",2024,R,6 Seasons,Kids' TV,Sample description for Netflix title 772.
s773,Movie,Netflix Title 773,Alex Lee,"Actor F, Actor G",Canada,"July 8, 2021",2021,R,64 min,Horror,Sample description for Netflix title 773.
s774,Movie,Netflix Title 774,Raj Kumar,"Actor A, Actor B",France,"November 18, 2016",2016,PG,154 min,Action & Adventure,Sample description for Netflix title 774.
s775,TV Show,Netflix Title 775,Alex Lee,"Actor F, Actor G",Mexico,"January 4, 2009",2009,G,8 Seasons,Documentaries,Sample description for Netflix title 775.
s776,Movie,Netflix Title 776,Sara Wilson,"Actor H, Actor I",South Korea,"July 13, 2018",2018,TV-MA,63 min,Thrillers,Sample description for Netflix title 776.
s777,Movie,Netflix Title 777,Alex Lee,Actor E,Spain,"September 17, 2021",2021,TV-14,69 min,Sci-Fi,Sample description for Netflix title 777.
s778,Movie,Netflix Title 778,Raj Kumar,"Actor C, Actor D",Japan,"September 7, 2024",2024,TV-PG,166 min,Thrillers,Sample description for Netflix title 778.
s779,TV Show,Netflix Title 779,David Kim,"Actor H, Actor I",South Korea,"July 15, 2009",2009,TV-14,2 Seasons,Documentaries,Sample description for Netflix title 779.
s780,TV Show,Netflix Title 780,John Smith,"Actor C, Actor D",Mexico,"February 27, 2014",2014,TV-MA,5 Seasons,Action & Adventure,Sample description for Netflix title 780.
s781,Movie,Netflix Title 781,Raj Kumar,"Actor C, Actor D",Mexico,"October 12, 2015",2015,TV-14,131 min,Horror,Sample description for Netflix title 781.
s782,TV Show,Netflix Title 782,Raj Kumar,"Actor H, Actor I",Spain,"January 18, 2016",2016,TV-14,7 Seasons,Romantic Movies,Sample description for Netflix title 782.
s783,TV Show,Netflix Title 783,Jane Doe,Actor E,France,"August 2, 2020",2020,TV-14,2 Seasons,Action & Adventure,Sample description for Netflix title 783.
s784,TV Show,Netflix Title 784,Sara Wilson,"Actor F, Actor G",India,"May 11, 2023",2023,PG-13,7 Seasons,Documentaries,Sample description for Netflix title 784.
s785,TV Show,Netflix Title 785,Raj Kumar,"Actor H, Actor I",Germany,"June 27, 2018",2018,R,10 Seasons,Horror,Sample description for Netflix title 785.
s786,Movie,Netflix Title 786,Alex Lee,"Actor H, Actor I",Brazil,"March 13, 2019",2019,R,175 min,Crime TV Shows,Sample description for Netflix title 786.
s787,Movie,Netflix Title 787,David Kim,"Actor A, Actor B",United States,"March 24, 2021",2021,PG-13,95 min,Thrillers,Sample description for Netflix title 787.
s788,TV Show,Netflix Title 788,Sara Wilson,"Actor A, Actor B",Brazil,"November 24, 2018",2018,TV-MA,10 Seasons,Romantic Movies,Sample description for Netflix title 788.
s789,Movie,Netflix Title 789,David Kim,"Actor C, Actor D",South Korea,"November 6, 2020",2020,TV-MA,178 min,Comedy,Sample description for Netflix title 789.
s790,Movie,Netflix Title 790,Alex Lee,Actor E,Mexico,"February 15, 2010",2010,PG,100 min,Sci-Fi,Sample description for Netflix title 790.
s791,Movie,Netflix Title 791,John Smith,"Actor C, Actor D",Brazil,"July 2, 2017",2017,TV-MA,130 min,Horror,Sample description for Netflix title 791.
s792,Movie,Netflix Title 792,Alex Lee,"Actor H, Actor I",United Kingdom,"December 26, 2020",2020,PG-13,161 min,Horror,Sample description for Netflix title 792.
s793,Movie,Netflix Title 793,Alex Lee,"Actor H, Actor I",India,"September 8, 2016",2016,G,123 min,Horror,Sample description for Netflix title 793.
s794,Movie,Netflix Title 794,Sara Wilson,"Actor C, Actor D",Germany,"September 11, 2009",2009,R,117 min,Thrillers,Sample description for Netflix title 794.
s795,Movie,Netflix Title 795,David Kim,"Actor H, Actor I",Germany,"May 21, 2011",2011,PG-13,173 min,Horror,Sample description for Netflix title 795.
s796,TV Show,Netflix Title 796,John Smith,"Actor A, Actor B",United Kingdom,"September 11, 2014",2014,G,2 Seasons,Kids' TV,Sample description for Netflix title 796.
s797,TV Show,Netflix Title 797,Sara Wilson,"Actor C, Actor D",Germany,"August 16, 2015",2015,TV-MA,7 Seasons,Sci-Fi,Sample description for Netflix title 797.
s798,Movie,Netflix Title 798,John Smith,"Actor A, Actor B",Australia,"September 14, 2021",2021,TV-PG,168 min,Sci-Fi,Sample description for Netflix title 798.
s799,Movie,Netflix Title 799,Raj Kumar,Actor E,United States,"December 6, 2012",2012,PG-13,68 min,Horror,Sample description for Netflix title 799.
s800,TV Show,Netflix Title 800,John Smith,"Actor C, Actor D",Brazil,"April 21, 2021",2021,R,3 Seasons,Documentaries,Sample description for Netflix title 800.
s801,TV Show,Netflix Title 801,Sara Wilson,Actor E,Spain,"July 12, 2024",2024,PG-13,4 Seasons,Horror,Sample description for Netflix title 801.
s802,TV Show,Netflix Title 802,David Kim,"Actor C, Actor D",Japan,"November 8, 2021",2021,TV-PG,5 Seasons,Horror,Sample description for Netflix title 802.
s803,Movie,Netflix Title 803,Jane Doe,"Actor A, Actor B",United States,"December 11, 2021",2021,TV-MA,60 min,Comedy,Sample description for Netflix title 803.
s804,Movie,Netflix Title 804,Jane Doe,Actor E,United Kingdom,"September 12, 2017",2017,PG,100 min,Romantic Movies,Sample description for Netflix title 804.
s805,Movie,Netflix Title 805,Sara Wilson,"Actor F, Actor G",United States,"October 17, 2021",2021,R,78 min,Horror,Sample description for Netflix title 805.
s806,Movie,Netflix Title 806,Raj Kumar,"Actor H, Actor I",Japan,"July 10, 2016",2016,PG,157 min,Romantic Movies,Sample description for Netflix title 806.
s807,Movie,Netflix Title 807,Raj Kumar,"Actor H, Actor I",Australia,"June 16, 2019",2019,G,175 min,Horror,Sample description for Netflix title 807.
s808,Movie,Netflix Title 808,Jane Doe,"Actor F, Actor G",France,"July 14, 2022",2022,R,175 min,Thrillers,Sample description for Netflix title 808.
s809,TV Show,Netflix Title 809,David Kim,Actor E,Australia,"April 14, 2017",2017,TV-MA,5 Seasons,Documentaries,Sample description for Netflix title 809.
s810,Movie,Netflix Title 810,Alex Lee,"Actor A, Actor B",Germany,"August 8, 2010",2010,G,89 min,Comedy,Sample description for Netflix title 810.
s811,TV Show,Netflix Title 811,Alex Lee,"Actor C, Actor D",Canada,"May 3, 2018",2018,G,7 Seasons,Crime TV Shows,Sample description for Netflix title 811.
s812,Movie,Netflix Title 812,Emily Brown,"Actor F, Actor G",Australia,"October 26, 2025",2025,PG,137 min,Comedy,Sample description for Netflix title 812.
s813,TV Show,Netflix Title 813,Sara Wilson,"Actor H, Actor I",Spain,"February 8, 2017",2017,G,1 Seasons,Drama,Sample description for Netflix title 813.
s814,TV Show,Netflix Title 814,John Smith,Actor E,Spain,"December 26, 2018",2018,TV-MA,5 Seasons,Documentaries,Sample description for Netflix title 814.
s815,Movie,Netflix Title 815,Jane Doe,"Actor A, Actor B",Brazil,"August 23, 2013",2013,PG,100 min,Drama,Sample description for Netflix title 815.
s816,Movie,Netflix Title 816,Alex Lee,"Actor H, Actor I",United States,"May 19, 2023",2023,TV-MA,110 min,Drama,Sample description for Netflix title 816.
s817,Movie,Netflix Title 817,Sara Wilson,"Actor F, Actor G",Canada,"October 24, 2009",2009,TV-MA,94 min,Drama,Sample description for Netflix title 817.
s818,Movie,Netflix Title 818,David Kim,Actor E,South Korea,"February 17, 2025",2025,TV-14,158 min,Thrillers,Sample description for Netflix title 818.
s819,Movie,Netflix Title 819,Jane Doe,"Actor H, Actor I",Spain,"December 5, 2019",2019,TV-14,68 min,Drama,Sample description for Netflix title 819.
s820,TV Show,Netflix Title 820,Sara Wilson,"Actor F, Actor G",United Kingdom,"February 12, 2023",2023,TV-MA,4 Seasons,Action & Adventure,Sample description for Netflix title 820.
s821,TV Show,Netflix Title 821,John Smith,"Actor H, Actor I",France,"November 4, 2020",2020,PG-13,2 Seasons,Drama,Sample description for Netflix title 821.
s822,TV Show,Netflix Title 822,Jane Doe,"Actor A, Actor B",United States,"August 24, 2009",2009,TV-MA,4 Seasons,Drama,Sample description for Netflix title 822.
s823,TV Show,Netflix Title 823,David Kim,"Actor C, Actor D",United Kingdom,"January 10, 2018",2018,PG,6 Seasons,Action & Adventure,Sample description for Netflix title 823.
s824,TV Show,Netflix Title 824,Raj Kumar,"Actor H, Actor I",United Kingdom,"July 1, 2019",2019,PG-13,8 Seasons,Drama,Sample description for Netflix title 824.
s825,TV Show,Netflix Title 825,Alex Lee,"Actor A, Actor B",Australia,"April 17, 2021",2021,TV-MA,5 Seasons,Crime TV Shows,Sample description for Netflix title 825.
s826,TV Show,Netflix Title 826,David Kim,Actor E,South Korea,"June 11, 2022",2022,PG,1 Seasons,Kids' TV,Sample description for Netflix title 826.
s827,TV Show,Netflix Title 827,Alex Lee,"Actor F, Actor G",South Korea,"June 17, 2008",2008,TV-MA,1 Seasons,Action & Adventure,Sample description for Netflix title 827.
s828,Movie,Netflix Title 828,Raj Kumar,"Actor C, Actor D",Spain,"November 23, 2025",2025,TV-MA,122 min,Kids' TV,Sample description for Netflix title 828.
s829,Movie,Netflix Title 829,Alex Lee,"Actor H, Actor I",Canada,"August 7, 2015",2015,R,78 min,Kids' TV,Sample description for Netflix title 829.
s830,TV Show,Netflix Title 830,Raj Kumar,"Actor F, Actor G",United States,"October 1, 2022",2022,PG-13,1 Seasons,Romantic Movies,Sample description for Netflix title 830.
s831,TV Show,Netflix Title 831,Sara Wilson,"Actor A, Actor B",Canada,"June 8, 2023",2023,TV-MA,3 Seasons,Crime TV Shows,Sample description for Netflix title 831.
s832,Movie,Netflix Title 832,John Smith,"Actor F, Actor G",Mexico,"December 27, 2012",2012,PG-13,120 min,Sci-Fi,Sample description for Netflix title 832.
s833,TV Show,Netflix Title 833,Alex Lee,"Actor C, Actor D",Brazil,"May 4, 2016",2016,TV-PG,5 Seasons,Drama,Sample description for Netflix title 833.
s834,TV Show,Netflix Title 834,Raj Kumar,"Actor C, Actor D",Japan,"September 18, 2016",2016,TV-14,8 Seasons,Romantic Movies,Sample description for Netflix title 834.
s835,TV Show,Netflix Title 835,Jane Doe,"Actor F, Actor G",Japan,"July 13, 2018",2018,PG,7 Seasons,Sci-Fi,Sample description for Netflix title 835.
s836,Movie,Netflix Title 836,Jane Doe,"Actor H, Actor I",Brazil,"August 9, 2013",2013,PG-13,108 min,Thrillers,Sample description for Netflix title 836.
s837,TV Show,Netflix Title 837,Jane Doe,Actor E,Australia,"July 18, 2024",2024,R,5 Seasons,Comedy,Sample description for Netflix title 837.
s838,TV Show,Netflix Title 838,John Smith,"Actor A, Actor B",Spain,"February 4, 2018",2018,TV-PG,8 Seasons,Kids' TV,Sample description for Netflix title 838.
s839,TV Show,Netflix Title 839,David Kim,Actor E,United States,"April 28, 2022",2022,R,5 Seasons,Horror,Sample description for Netflix title 839.
s840,Movie,Netflix Title 840,Emily Brown,"Actor C, Actor D",Australia,"March 28, 2017",2017,R,60 min,Comedy,Sample description for Netflix title 840.
s841,TV Show,Netflix Title 841,David Kim,"Actor H, Actor I",Canada,"June 4, 2016",2016,PG,9 Seasons,Kids' TV,Sample description for Netflix title 841.
s842,TV Show,Netflix Title 842,David Kim,"Actor H, Actor I",Spain,"March 11, 2024",2024,TV-PG,4 Seasons,Crime TV Shows,Sample description for Netflix title 842.
s843,Movie,Netflix Title 843,Jane Doe,Actor E,South Korea,"September 1, 2009",2009,TV-PG,93 min,Action & Adventure,Sample description for Netflix title 843.
s844,Movie,Netflix Title 844,Raj Kumar,"Actor H, Actor I",France,"September 19, 2017",2017,G,164 min,Crime TV Shows,Sample description for Netflix title 844.
s845,TV Show,Netflix Title 845,Sara Wilson,"Actor C, Actor D",Canada,"October 15, 2025",2025,TV-MA,8 Seasons,Drama,Sample description for Netflix title 845.
s846,Movie,Netflix Title 846,David Kim,Actor E,Japan,"April 20, 2009",2009,R,130 min,Sci-Fi,Sample description for Netflix title 846.
s847,TV Show,Netflix Title 847,Alex Lee,"Actor F, Actor G",Australia,"July 18, 2019",2019,PG-13,10 Seasons,Thrillers,Sample description for Netflix title 847.
s848,Movie,Netflix Title 848,John Smith,"Actor H, Actor I",South Korea,"May 21, 2014",2014,TV-PG,149 min,Romantic Movies,Sample description for Netflix title 848.
s849,Movie,Netflix Title 849,Sara Wilson,"Actor A, Actor B",Germany,"March 2, 2024",2024,PG,110 min,Thrillers,Sample description for Netflix title 849.
s850,Movie,Netflix Title 850,John Smith,"Actor H, Actor I",Mexico,"June 26, 2021",2021,R,174 min,Drama,Sample description for Netflix title 850.
s851,TV Show,Netflix Title 851,Jane Doe,Actor E,Japan,"April 3, 2020",2020,TV-PG,5 Seasons,Crime TV Shows,Sample description for Netflix title 851.
s852,Movie,Netflix Title 852,David Kim,"Actor C, Actor D",South Korea,"December 10, 2023",2023,PG-13,165 min,Comedy,Sample description for Netflix title 852.
s853,TV Show,Netflix Title 853,David Kim,"Actor A, Actor B",Japan,"February 27, 2020",2020,TV-14,7 Seasons,Sci-Fi,Sample description for Netflix title 853.
s854,Movie,Netflix Title 854,Raj Kumar,"Actor F, Actor G",Canada,"September 3, 2011",2011,PG,178 min,Romantic Movies,Sample description for Netflix title 854.
s855,TV Show,Netflix Title 855,Raj Kumar,"Actor H, Actor I",Spain,"April 11, 2016",2016,PG,8 Seasons,Crime TV Shows,Sample description for Netflix title 855.
s856,Movie,Netflix Title 856,Jane Doe,Actor E,United States,"October 13, 2024",2024,G,74 min,Thrillers,Sample description for Netflix title 856.
s857,TV Show,Netflix Title 857,Sara Wilson,"Actor C, Actor D",Brazil,"September 4, 2024",2024,R,5 Seasons,Drama,Sample description for Netflix title 857.
s858,Movie,Netflix Title 858,David Kim,"Actor F, Actor G",South Korea,"November 15, 2023",2023,TV-14,140 min,Romantic Movies,Sample description for Netflix title 858.
s859,Movie,Netflix Title 859,John Smith,"Actor C, Actor D",Japan,"January 27, 2017",2017,TV-PG,140 min,Kids' TV,Sample description for Netflix title 859.
s860,Movie,Netflix Title 860,Sara Wilson,"Actor F, Actor G",United States,"June 2, 2012",2012,PG-13,95 min,Thrillers,Sample description for Netflix title 860.
s861,TV Show,Netflix Title 861,Sara Wilson,"Actor C, Actor D",Brazil,"November 21, 2025",2025,TV-14,3 Seasons,Documentaries,Sample description for Netflix title 861.
s862,TV Show,Netflix Title 862,Emily Brown,"Actor C, Actor D",Brazil,"July 28, 2009",2009,PG,2 Seasons,Drama,Sample description for Netflix title 862.
s863,Movie,Netflix Title 863,John Smith,"Actor C, Actor D",Germany,"April 2, 2024",2024,PG,63 min,Crime TV Shows,Sample description for Netflix title 863.
s864,Movie,Netflix Title 864,Alex Lee,Actor E,United States,"April 26, 2023",2023,TV-14,162 min,Drama,Sample description for Netflix title 864.
s865,TV Show,Netflix Title 865,Raj Kumar,"Actor A, Actor B",Japan,"January 8, 2013",2013,G,2 Seasons,Sci-Fi,Sample description for Netflix title 865.
s866,TV Show,Netflix Title 866,John Smith,"Actor C, Actor D",South Korea,"January 15, 2009",2009,PG-13,7 Seasons,Action & Adventure,Sample description for Netflix title 866.
s867,TV Show,Netflix Title 867,David Kim,"Actor C, Actor D",Germany,"January 3, 2019",2019,PG-13,3 Seasons,Horror,Sample description for Netflix title 867.
s868,TV Show,Netflix Title 868,Raj Kumar,Actor E,Spain,"April 21, 2012",2012,TV-14,9 Seasons,Kids' TV,Sample description for Netflix title 868.
s869,Movie,Netflix Title 869,Raj Kumar,Actor E,Canada,"February 6, 2022",2022,TV-MA,163 min,Romantic Movies,Sample description for Netflix title 869.
s870,Movie,Netflix Title 870,John Smith,"Actor H, Actor I",United Kingdom,"March 24, 2019",2019,TV-14,133 min,Horror,Sample description for Netflix title 870.
s871,Movie,Netflix Title 871,Alex Lee,"Actor C, Actor D",India,"December 19, 2021",2021,TV-PG,165 min,Action & Adventure,Sample description for Netflix title 871.
s872,TV Show,Netflix Title 872,Emily Brown,"Actor A, Actor B",United States,"February 2, 2025",2025,PG-13,10 Seasons,Kids' TV,Sample description for Netflix title 872.
s873,TV Show,Netflix Title 873,Alex Lee,"Actor H, Actor I",Spain,"December 21, 2016",2016,TV-14,9 Seasons,Comedy,Sample description for Netflix title 873.
s874,TV Show,Netflix Title 874,Alex Lee,"Actor A, Actor B",Brazil,"July 22, 2022",2022,PG-13,2 Seasons,Comedy,Sample description for Netflix title 874.
s875,Movie,Netflix Title 875,David Kim,Actor E,South Korea,"June 27, 2017",2017,G,75 min,Romantic Movies,Sample description for Netflix title 875.
s876,TV Show,Netflix Title 876,Jane Doe,"Actor C, Actor D",Canada,"December 18, 2018",2018,R,4 Seasons,Action & Adventure,Sample description for Netflix title 876.
s877,Movie,Netflix Title 877,John Smith,"Actor C, Actor D",India,"April 23, 2015",2015,TV-14,142 min,Comedy,Sample description for Netflix title 877.
s878,TV Show,Netflix Title 878,Raj Kumar,"Actor F, Actor G",India,"February 14, 2019",2019,PG,8 Seasons,Horror,Sample description for Netflix title 878.
s879,Movie,Netflix Title 879,Emily Brown,"Actor H, Actor I",Australia,"March 7, 2020",2020,TV-14,92 min,Action & Adventure,Sample description for Netflix title 879.
s880,Movie,Netflix Title 880,Emily Brown,"Actor A, Actor B",Canada,"December 2, 2018",2018,TV-PG,112 min,Thrillers,Sample description for Netflix title 880.
s881,Movie,Netflix Title 881,Jane Doe,"Actor F, Actor G",Mexico,"October 25, 2012",2012,TV-PG,137 min,Action & Adventure,Sample description for Netflix title 881.
s882,TV Show,Netflix Title 882,Jane Doe,"Actor A, Actor B",United Kingdom,"September 28, 2012",2012,PG,6 Seasons,Crime TV Shows,Sample description for Netflix title 882.
s883,Movie,Netflix Title 883,David Kim,"Actor F, Actor G",Japan,"January 9, 2019",2019,TV-14,83 min,Documentaries,Sample description for Netflix title 883.
s884,TV Show,Netflix Title 884,Sara Wilson,"Actor H, Actor I",Australia,"October 3, 2012",2012,R,1 Seasons,Comedy,Sample description for Netflix title 884.
s885,TV Show,Netflix Title 885,Sara Wilson,Actor E,Australia,"August 25, 2008",2008,G,3 Seasons,Sci-Fi,Sample description for Netflix title 885.
s886,TV Show,Netflix Title 886,Jane Doe,"Actor A, Actor B",India,"January 16, 2022",2022,PG,6 Seasons,Romantic Movies,Sample description for Netflix title 886.
s887,TV Show,Netflix Title 887,John Smith,Actor E,South Korea,"September 3, 2012",2012,R,1 Seasons,Action & Adventure,Sample description for Netflix title 887.
s888,Movie,Netflix Title 888,Raj Kumar,"Actor F, Actor G",France,"February 24, 2021",2021,TV-PG,76 min,Drama,Sample description for Netflix title 888.
s889,Movie,Netflix Title 889,Emily Brown,"Actor A, Actor B",United Kingdom,"May 16, 2011",2011,TV-14,85 min,Crime TV Shows,Sample description for Netflix title 889.
s890,Movie,Netflix Title 890,Raj Kumar,"Actor H, Actor I",India,"August 6, 2024",2024,TV-PG,157 min,Documentaries,Sample description for Netflix title 890.
s891,TV Show,Netflix Title 891,Sara Wilson,Actor E,Australia,"May 20, 2019",2019,TV-MA,5 Seasons,Crime TV Shows,Sample description for Netflix title 891.
s892,Movie,Netflix Title 892,Raj Kumar,"Actor A, Actor B",South Korea,"March 21, 2022",2022,R,153 min,Horror,Sample description for Netflix title 892.
s893,Movie,Netflix Title 893,John Smith,"Actor F, Actor G",Germany,"February 10, 2025",2025,TV-PG,122 min,Documentaries,Sample description for Netflix title 893.
s894,TV Show,Netflix Title 894,David Kim,"Actor A, Actor B",United States,"August 8, 2018",2018,PG-13,5 Seasons,Crime TV Shows,Sample description for Netflix title 894.
s895,Movie,Netflix Title 895,David Kim,Actor E,Canada,"September 22, 2019",2019,TV-MA,179 min,Action & Adventure,Sample description for Netflix title 895.
s896,TV Show,Netflix Title 896,Emily Brown,"Actor A, Actor B",Spain,"October 1, 2021",2021,TV-MA,1 Seasons,Drama,Sample description for Netflix title 896.
s897,Movie,Netflix Title 897,Raj Kumar,Actor E,Japan,"April 26, 2009",2009,TV-14,133 min,Action & Adventure,Sample description for Netflix title 897.
s898,Movie,Netflix Title 898,Alex Lee,"Actor F, Actor G",Australia,"March 20, 2010",2010,TV-14,129 min,Documentaries,Sample description for Netflix title 898.
s899,TV Show,Netflix Title 899,John Smith,"Actor F, Actor G",Germany,"October 1, 2024",2024,TV-PG,2 Seasons,Thrillers,Sample description for Netflix title 899.
s900,TV Show,Netflix Title 900,Alex Lee,"Actor C, Actor D",United Kingdom,"October 5, 2015",2015,TV-PG,7 Seasons,Action & Adventure,Sample description for Netflix title 900.
s901,Movie,Netflix Title 901,Sara Wilson,"Actor F, Actor G",Canada,"April 1, 2018",2018,R,117 min,Kids' TV,Sample description for Netflix title 901.
s902,TV Show,Netflix Title 902,Emily Brown,Actor E,United Kingdom,"December 11, 2010",2010,TV-PG,2 Seasons,Kids' TV,Sample description for Netflix title 902.
s903,Movie,Netflix Title 903,Raj Kumar,"Actor C, Actor D",India,"April 12, 2022",2022,R,155 min,Drama,Sample description for Netflix title 903.
s904,TV Show,Netflix Title 904,Sara Wilson,"Actor H, Actor I",Spain,"August 13, 2017",2017,R,6 Seasons,Romantic Movies,Sample description for Netflix title 904.
s905,Movie,Netflix Title 905,Jane Doe,"Actor H, Actor I",France,"August 12, 2019",2019,R,89 min,Thrillers,Sample description for Netflix title 905.
s906,TV Show,Netflix Title 906,Jane Doe,"Actor H, Actor I",Brazil,"February 25, 2013",2013,PG,2 Seasons,Kids' TV,Sample description for Netflix title 906.
s907,Movie,Netflix Title 907,Sara Wilson,"Actor H, Actor I",Japan,"August 27, 2018",2018,G,129 min,Horror,Sample description for Netflix title 907.
s908,Movie,Netflix Title 908,Raj Kumar,"Actor H, Actor I",United Kingdom,"March 23, 2019",2019,G,92 min,Crime TV Shows,Sample description for Netflix title 908.
s909,TV Show,Netflix Title 909,Emily Brown,Actor E,France,"January 21, 2009",2009,PG-13,1 Seasons,Action & Adventure,Sample description for Netflix title 909.
s910,Movie,Netflix Title 910,Jane Doe,"Actor F, Actor G",Canada,"November 11, 2014",2014,PG,161 min,Drama,Sample description for Netflix title 910.
s911,Movie,Netflix Title 911,Raj Kumar,"Actor H, Actor I",Brazil,"June 14, 2014",2014,G,130 min,Horror,Sample description for Netflix title 911.
s912,Movie,Netflix Title 912,Raj Kumar,"Actor H, Actor I",France,"November 28, 2009",2009,TV-MA,159 min,Documentaries,Sample description for Netflix title 912.
s913,Movie,Netflix Title 913,John Smith,Actor E,France,"March 12, 2019",2019,PG,174 min,Crime TV Shows,Sample description for Netflix title 913.
s914,TV Show,Netflix Title 914,John Smith,"Actor C, Actor D",Spain,"January 7, 2012",2012,PG-13,8 Seasons,Documentaries,Sample description for Netflix title 914.
s915,TV Show,Netflix Title 915,John Smith,"Actor F, Actor G",Germany,"September 28, 2014",2014,TV-14,6 Seasons,Documentaries,Sample description for Netflix title 915.
s916,TV Show,Netflix Title 916,Emily Brown,Actor E,United States,"November 10, 2016",2016,G,5 Seasons,Horror,Sample description for Netflix title 916.
s917,TV Show,Netflix Title 917,David Kim,Actor E,Brazil,"May 16, 2015",2015,PG,8 Seasons,Sci-Fi,Sample description for Netflix title 917.
s918,TV Show,Netflix Title 918,Raj Kumar,"Actor H, Actor I",Australia,"September 4, 2018",2018,TV-MA,4 Seasons,Crime TV Shows,Sample description for Netflix title 918.
s919,TV Show,Netflix Title 919,Jane Doe,"Actor A, Actor B",Japan,"July 9, 2009",2009,TV-MA,6 Seasons,Horror,Sample description for Netflix title 919.
s920,TV Show,Netflix Title 920,John Smith,"Actor A, Actor B",India,"February 26, 2015",2015,PG-13,3 Seasons,Documentaries,Sample description for Netflix title 920.
s921,TV Show,Netflix Title 921,Jane Doe,"Actor F, Actor G",United States,"December 15, 2016",2016,TV-MA,1 Seasons,Drama,Sample description for Netflix title 921.
s922,Movie,Netflix Title 922,Alex Lee,"Actor F, Actor G",India,"July 17, 2025",2025,R,117 min,Romantic Movies,Sample description for Netflix title 922.
s923,TV Show,Netflix Title 923,John Smith,"Actor H, Actor I",United Kingdom,"February 23, 2010",2010,TV-MA,5 Seasons,Drama,Sample description for Netflix title 923.
s924,Movie,Netflix Title 924,Alex Lee,"Actor C, Actor D",Brazil,"May 16, 2023",2023,TV-MA,128 min,Sci-Fi,Sample description for Netflix title 924.
s925,TV Show,Netflix Title 925,John Smith,"Actor F, Actor G",Germany,"August 2, 2016",2016,G,3 Seasons,Drama,Sample description for Netflix title 925.
s926,TV Show,Netflix Title 926,David Kim,Actor E,South Korea,"November 5, 2021",2021,TV-MA,3 Seasons,Kids' TV,Sample description for Netflix title 926.
s927,Movie,Netflix Title 927,John Smith,"Actor F, Actor G",France,"March 14, 2013",2013,G,75 min,Sci-Fi,Sample description for Netflix title 927.
s928,Movie,Netflix Title 928,David Kim,"Actor F, Actor G",South Korea,"October 4, 2023",2023,TV-PG,107 min,Documentaries,Sample description for Netflix title 928.
s929,TV Show,Netflix Title 929,Emily Brown,Actor E,Japan,"September 24, 2009",2009,PG,9 Seasons,Romantic Movies,Sample description for Netflix title 929.
s930,TV Show,Netflix Title 930,David Kim,"Actor F, Actor G",India,"April 17, 2013",2013,TV-PG,4 Seasons,Kids' TV,Sample description for Netflix title 930.
s931,TV Show,Netflix Title 931,Raj Kumar,"Actor H, Actor I",Canada,"May 18, 2010",2010,PG,2 Seasons,Sci-Fi,Sample description for Netflix title 931.
s932,TV Show,Netflix Title 932,Jane Doe,"Actor A, Actor B",South Korea,"February 16, 2025",2025,R,5 Seasons,Comedy,Sample description for Netflix title 932.
s933,TV Show,Netflix Title 933,Sara Wilson,"Actor H, Actor I",Mexico,"October 10, 2024",2024,PG,2 Seasons,Crime TV Shows,Sample description for Netflix title 933.
s934,TV Show,Netflix Title 934,John Smith,"Actor C, Actor D",Japan,"September 14, 2017",2017,PG-13,4 Seasons,Sci-Fi,Sample description for Netflix title 934.
s935,Movie,Netflix Title 935,Emily Brown,Actor E,South Korea,"November 1, 2017",2017,TV-PG,73 min,Horror,Sample description for Netflix title 935.
s936,TV Show,Netflix Title 936,Alex Lee,"Actor H, Actor I",India,"April 5, 2010",2010,G,7 Seasons,Crime TV Shows,Sample description for Netflix title 936.
s937,TV Show,Netflix Title 937,Raj Kumar,"Actor C, Actor D",South Korea,"July 26, 2010",2010,TV-14,5 Seasons,Horror,Sample description for Netflix title 937.
s938,Movie,Netflix Title 938,Jane Doe,"Actor H, Actor I",Australia,"September 8, 2019",2019,TV-MA,178 min,Romantic Movies,Sample description for Netflix title 938.
s939,TV Show,Netflix Title 939,Jane Doe,"Actor F, Actor G",Spain,"April 2, 2024",2024,PG-13,2 Seasons,Crime TV Shows,Sample description for Netflix title 939.
s940,Movie,Netflix Title 940,John Smith,"Actor F, Actor G",India,"May 9, 2020",2020,R,91 min,Action & Adventure,Sample description for Netflix title 940.
s941,TV Show,Netflix Title 941,Sara Wilson,"Actor F, Actor G",Canada,"December 5, 2009",2009,TV-PG,1 Seasons,Action & Adventure,Sample description for Netflix title 941.
s942,TV Show,Netflix Title 942,Raj Kumar,"Actor F, Actor G",Spain,"November 24, 2013",2013,PG,2 Seasons,Comedy,Sample description for Netflix title 942.
s943,TV Show,Netflix Title 943,Jane Doe,Actor E,Australia,"September 27, 2012",2012,TV-14,6 Seasons,Action & Adventure,Sample description for Netflix title 943.
s944,TV Show,Netflix Title 944,John Smith,"Actor F, Actor G",Mexico,"December 18, 2009",2009,TV-PG,6 Seasons,Horror,Sample description for Netflix title 944.
s945,Movie,Netflix Title 945,Raj Kumar,"Actor A, Actor B",Japan,"July 28, 2025",2025,R,103 min,Drama,Sample description for Netflix title 945.
s946,TV Show,Netflix Title 946,Emily Brown,"Actor H, Actor I",Canada,"February 21, 2013",2013,PG-13,8 Seasons,Comedy,Sample description for Netflix title 946.
s947,TV Show,Netflix Title 947,Sara Wilson,"Actor C, Actor D",Mexico,"July 16, 2024",2024,PG-13,5 Seasons,Crime TV Shows,Sample description for Netflix title 947.
s948,Movie,Netflix Title 948,Jane Doe,"Actor H, Actor I",India,"November 26, 2020",2020,TV-MA,149 min,Action & Adventure,Sample description for Netflix title 948.
s949,TV Show,Netflix Title 949,John Smith,Actor E,Japan,"January 10, 2023",2023,TV-PG,7 Seasons,Crime TV Shows,Sample description for Netflix title 949.
s950,Movie,Netflix Title 950,Raj Kumar,"Actor A, Actor B",France,"July 28, 2018",2018,TV-14,166 min,Thrillers,Sample description for Netflix title 950.
s951,Movie,Netflix Title 951,John Smith,"Actor A, Actor B",Mexico,"May 11, 2010",2010,TV-MA,88 min,Drama,Sample description for Netflix title 951.
s952,TV Show,Netflix Title 952,Emily Brown,Actor E,Brazil,"January 28, 2024",2024,TV-MA,5 Seasons,Documentaries,Sample description for Netflix title 952.
s953,TV Show,Netflix Title 953,David Kim,Actor E,Spain,"April 7, 2021",2021,R,6 Seasons,Action & Adventure,Sample description for Netflix title 953.
s954,TV Show,Netflix Title 954,David Kim,"Actor C, Actor D",United Kingdom,"January 25, 2025",2025,PG,7 Seasons,Action & Adventure,Sample description for Netflix title 954.
s955,Movie,Netflix Title 955,Emily Brown,"Actor A, Actor B",Canada,"April 12, 2017",2017,TV-MA,161 min,Action & Adventure,Sample description for Netflix title 955.
s956,TV Show,Netflix Title 956,John Smith,"Actor F, Actor G",France,"February 18, 2015",2015,TV-MA,9 Seasons,Action & Adventure,Sample description for Netflix title 956.
s957,Movie,Netflix Title 957,Sara Wilson,"Actor H, Actor I",Australia,"July 13, 2022",2022,PG,130 min,Horror,Sample description for Netflix title 957.
s958,Movie,Netflix Title 958,David Kim,"Actor F, Actor G",Australia,"August 1, 2012",2012,R,66 min,Documentaries,Sample description for Netflix title 958.
s959,Movie,Netflix Title 959,Sara Wilson,"Actor A, Actor B",United States,"January 8, 2016",2016,TV-14,161 min,Thrillers,Sample description for Netflix title 959.
s960,TV Show,Netflix Title 960,Emily Brown,Actor E,India,"December 17, 2009",2009,PG,2 Seasons,Thrillers,Sample description for Netflix title 960.
s961,Movie,Netflix Title 961,Emily Brown,"Actor C, Actor D",Spain,"April 16, 2019",2019,R,131 min,Crime TV Shows,Sample description for Netflix title 961.
s962,TV Show,Netflix Title 962,David Kim,"Actor A, Actor B",Spain,"June 17, 2022",2022,PG-13,1 Seasons,Sci-Fi,Sample description for Netflix title 962.
s963,Movie,Netflix Title 963,Sara Wilson,Actor E,Mexico,"November 20, 2011",2011,R,117 min,Comedy,Sample description for Netflix title 963.
s964,Movie,Netflix Title 964,David Kim,"Actor A, Actor B",Germany,"January 25, 2016",2016,TV-PG,160 min,Documentaries,Sample description for Netflix title 964.
s965,TV Show,Netflix Title 965,Emily Brown,"Actor F, Actor G",India,"May 26, 2009",2009,TV-MA,8 Seasons,Crime TV Shows,Sample description for Netflix title 965.
s966,TV Show,Netflix Title 966,Jane Doe,"Actor C, Actor D",South Korea,"July 21, 2015",2015,PG-13,2 Seasons,Documentaries,Sample description for Netflix title 966.
s967,Movie,Netflix Title 967,Emily Brown,Actor E,Canada,"October 20, 2015",2015,TV-14,142 min,Action & Adventure,Sample description for Netflix title 967.
s968,TV Show,Netflix Title 968,John Smith,"Actor C, Actor D",Brazil,"June 4, 2013",2013,R,1 Seasons,Thrillers,Sample description for Netflix title 968.
s969,Movie,Netflix Title 969,John Smith,"Actor H, Actor I",Mexico,"September 10, 2025",2025,TV-MA,109 min,Kids' TV,Sample description for Netflix title 969.
s970,Movie,Netflix Title 970,Raj Kumar,"Actor H, Actor I",Mexico,"October 16, 2018",2018,PG-13,121 min,Kids' TV,Sample description for Netflix title 970.
s971,TV Show,Netflix Title 971,Raj Kumar,"Actor A, Actor B",South Korea,"May 24, 2017",2017,R,10 Seasons,Romantic Movies,Sample description for Netflix title 971.
s972,TV Show,Netflix Title 972,John Smith,"Actor A, Actor B",United Kingdom,"March 4, 2014",2014,R,3 Seasons,Drama,Sample description for Netflix title 972.
s973,TV Show,Netflix Title 973,Sara Wilson,"Actor C, Actor D",France,"December 18, 2014",2014,PG-13,3 Seasons,Documentaries,Sample description for Netflix title 973.
s974,Movie,Netflix Title 974,Emily Brown,"Actor A, Actor B",Spain,"April 17, 2023",2023,G,80 min,Action & Adventure,Sample description for Netflix title 974.
s975,Movie,Netflix Title 975,David Kim,"Actor A, Actor B",India,"June 20, 2019",2019,TV-PG,78 min,Romantic Movies,Sample description for Netflix title 975.
s976,Movie,Netflix Title 976,Jane Doe,"Actor H, Actor I",Mexico,"July 5, 2019",2019,TV-PG,79 min,Sci-Fi,Sample description for Netflix title 976.
s977,Movie,Netflix Title 977,Raj Kumar,"Actor C, Actor D",South Korea,"July 25, 2012",2012,G,138 min,Thrillers,Sample description for Netflix title 977.
s978,Movie,Netflix Title 978,Alex Lee,"Actor C, Actor D",Japan,"March 24, 2018",2018,TV-MA,129 min,Horror,Sample description for Netflix title 978.
s979,Movie,Netflix Title 979,David Kim,"Actor H, Actor I",United Kingdom,"August 9, 2022",2022,TV-MA,141 min,Crime TV Shows,Sample description for Netflix title 979.
s980,Movie,Netflix Title 980,Emily Brown,"Actor H, Actor I",Mexico,"October 17, 2025",2025,TV-MA,65 min,Comedy,Sample description for Netflix title 980.
s981,Movie,Netflix Title 981,Jane Doe,Actor E,United States,"December 6, 2017",2017,PG,140 min,Horror,Sample description for Netflix title 981.
s982,Movie,Netflix Title 982,Sara Wilson,"Actor F, Actor G",South Korea,"August 22, 2022",2022,TV-14,102 min,Sci-Fi,Sample description for Netflix title 982.
s983,Movie,Netflix Title 983,David Kim,"Actor F, Actor G",United States,"November 28, 2022",2022,G,167 min,Drama,Sample description for Netflix title 983.
s984,TV Show,Netflix Title 984,John Smith,Actor E,Canada,"November 6, 2018",2018,G,6 Seasons,Sci-Fi,Sample description for Netflix title 984.
s985,TV Show,Netflix Title 985,Alex Lee,"Actor A, Actor B",Canada,"September 26, 2018",2018,PG-13,6 Seasons,Horror,Sample description for Netflix title 985.
s986,TV Show,Netflix Title 986,Jane Doe,"Actor A, Actor B",Japan,"November 23, 2018",2018,PG-13,10 Seasons,Horror,Sample description for Netflix title 986.
s987,TV Show,Netflix Title 987,Alex Lee,"Actor F, Actor G",South Korea,"July 14, 2010",2010,PG,9 Seasons,Crime TV Shows,Sample description for Netflix title 987.
s988,Movie,Netflix Title 988,Emily Brown,"Actor A, Actor B",Brazil,"May 24, 2023",2023,PG,131 min,Crime TV Shows,Sample description for Netflix title 988.
s989,TV Show,Netflix Title 989,John Smith,"Actor C, Actor D",Spain,"June 6, 2023",2023,R,5 Seasons,Kids' TV,Sample description for Netflix title 989.
s990,TV Show,Netflix Title 990,Raj Kumar,"Actor F, Actor G",Australia,"November 5, 2017",2017,TV-PG,6 Seasons,Drama,Sample description for Netflix title 990.
s991,Movie,Netflix Title 991,David Kim,"Actor A, Actor B",United Kingdom,"September 25, 2009",2009,TV-MA,98 min,Sci-Fi,Sample description for Netflix title 991.
s992,TV Show,Netflix Title 992,Raj Kumar,"Actor A, Actor B",United Kingdom,"October 20, 2025",2025,TV-14,4 Seasons,Horror,Sample description for Netflix title 992.
s993,TV Show,Netflix Title 993,Sara Wilson,"Actor A, Actor B",Japan,"July 28, 2009",2009,G,1 Seasons,Crime TV Shows,Sample description for Netflix title 993.
s994,TV Show,Netflix Title 994,Jane Doe,"Actor C, Actor D",Canada,"April 1, 2009",2009,TV-MA,2 Seasons,Horror,Sample description for Netflix title 994.
s995,Movie,Netflix Title 995,Alex Lee,"Actor A, Actor B",United Kingdom,"March 28, 2021",2021,PG-13,121 min,Comedy,Sample description for Netflix title 995.
s996,Movie,Netflix Title 996,John Smith,"Actor H, Actor I",United Kingdom,"December 14, 2017",2017,TV-14,164 min,Comedy,Sample description for Netflix title 996.
s997,Movie,Netflix Title 997,Jane Doe,"Actor F, Actor G",United States,"December 23, 2022",2022,G,132 min,Romantic Movies,Sample description for Netflix title 997.
s998,Movie,Netflix Title 998,Sara Wilson,"Actor C, Actor D",India,"December 22, 2017",2017,TV-MA,105 min,Horror,Sample description for Netflix title 998.
s999,TV Show,Netflix Title 999,Raj Kumar,"Actor F, Actor G",United Kingdom,"July 21, 2025",2025,TV-PG,10 Seasons,Crime TV Shows,Sample description for Netflix title 999.
s1000,TV Show,Netflix Title 1000,Jane Doe,"Actor F, Actor G",Australia,"June 13, 2011",2011,G,6 Seasons,Kids' TV,Sample description for Netflix title 1000.
